file,status,reason,rows,cols,null_pct,columns_preview
3b01bcb8-0b14-4abf-b6f2-c1bfd384ba69.csv,REJECTED,has pollutants but only 200 rows — likely a sample/subset,200.0,11.0,3.4%,"['country', 'state', 'city', 'station', 'last_update']"
AP001.csv,REJECTED,has pollutants but only 200 rows — likely a sample/subset,200.0,23.0,12.5%,"['From Date', 'To Date', 'PM2.5 (ug/m3)', 'PM10 (ug/m3)', 'NO (ug/m3)']"
AQI Data.csv,REJECTED,no pollutant or AQI columns | no date or city column,200.0,9.0,50.0%,"['T', 'TM', 'Tm', 'SLP', 'H']"
AQI.csv,REJECTED,has pollutants but only 200 rows — likely a sample/subset,200.0,11.0,3.4%,"['country', 'state', 'city', 'station', 'last_update']"
Agartala_AQIBulletins.csv,ACCEPTED,AQI Bulletin,,,,
Agra_AQIBulletins.csv,ACCEPTED,AQI Bulletin,,,,
Ahmedabad_AQIBulletins.csv,ACCEPTED,AQI Bulletin,,,,
Aizawl_AQIBulletins.csv,ACCEPTED,AQI Bulletin,,,,
Ajmer_AQIBulletins.csv,ACCEPTED,AQI Bulletin,,,,
Akola_AQIBulletins.csv,ACCEPTED,AQI Bulletin,,,,
Alwar_AQIBulletins.csv,ACCEPTED,AQI Bulletin,,,,
Amaravati_AQIBulletins.csv,ACCEPTED,AQI Bulletin,,,,
Ambala_AQIBulletins.csv,ACCEPTED,AQI Bulletin,,,,
Amravati_AQIBulletins.csv,ACCEPTED,AQI Bulletin,,,,
Amritsar_AQIBulletins.csv,ACCEPTED,AQI Bulletin,,,,
Anantapur_AQIBulletins.csv,ACCEPTED,AQI Bulletin,,,,
Angul_AQIBulletins.csv,ACCEPTED,AQI Bulletin,,,,
Ankleshwar_AQIBulletins.csv,ACCEPTED,AQI Bulletin,,,,
Araria_AQIBulletins.csv,ACCEPTED,AQI Bulletin,,,,
Ariyalur_AQIBulletins.csv,ACCEPTED,AQI Bulletin,,,,
Arrah_AQIBulletins.csv,ACCEPTED,AQI Bulletin,,,,
Asansol_AQIBulletins.csv,ACCEPTED,AQI Bulletin,,,,
AshokVihar_Hourly.csv,REJECTED,no date or city column | has pollutants but only 200 rows — likely a sample/subset,200.0,21.0,0.0%,"['Unnamed: 0', 'PM2.5', 'year', 'month', 'day']"
Aurangabad (Bihar)_AQIBulletins.csv,ACCEPTED,AQI Bulletin,,,,
Aurangabad_AQIBulletins.csv,ACCEPTED,AQI Bulletin,,,,
Baddi_AQIBulletins.csv,ACCEPTED,AQI Bulletin,,,,
Badlapur_AQIBulletins.csv,ACCEPTED,AQI Bulletin,,,,
Bagalkot_AQIBulletins.csv,ACCEPTED,AQI Bulletin,,,,
Baghpat_AQIBulletins.csv,ACCEPTED,AQI Bulletin,,,,
Bahadurgarh_AQIBulletins.csv,ACCEPTED,AQI Bulletin,,,,
Balasore_AQIBulletins.csv,ACCEPTED,AQI Bulletin,,,,
Ballabgarh_AQIBulletins.csv,ACCEPTED,AQI Bulletin,,,,
Banswara_AQIBulletins.csv,ACCEPTED,AQI Bulletin,,,,
Baran_AQIBulletins.csv,ACCEPTED,AQI Bulletin,,,,
Barbil_AQIBulletins.csv,ACCEPTED,AQI Bulletin,,,,
Bareilly_AQIBulletins.csv,ACCEPTED,AQI Bulletin,,,,
Baripada_AQIBulletins.csv,ACCEPTED,AQI Bulletin,,,,
Barmer_AQIBulletins.csv,ACCEPTED,AQI Bulletin,,,,
Barrackpore_AQIBulletins.csv,ACCEPTED,AQI Bulletin,,,,
Bathinda_AQIBulletins.csv,ACCEPTED,AQI Bulletin,,,,
Begusarai_AQIBulletins.csv,ACCEPTED,AQI Bulletin,,,,
Belapur_AQIBulletins.csv,ACCEPTED,AQI Bulletin,,,,
Belgaum_AQIBulletins.csv,ACCEPTED,AQI Bulletin,,,,
Bengaluru_AQIBulletins.csv,ACCEPTED,AQI Bulletin,,,,
Bettiah_AQIBulletins.csv,ACCEPTED,AQI Bulletin,,,,
Bhagalpur_AQIBulletins.csv,ACCEPTED,AQI Bulletin,,,,
Bharatpur_AQIBulletins.csv,ACCEPTED,AQI Bulletin,,,,
Bhilai_AQIBulletins.csv,ACCEPTED,AQI Bulletin,,,,
Bhilwara_AQIBulletins.csv,ACCEPTED,AQI Bulletin,,,,
Bhiwadi_AQIBulletins.csv,ACCEPTED,AQI Bulletin,,,,
Bhiwandi_AQIBulletins.csv,ACCEPTED,AQI Bulletin,,,,
Bhiwani_AQIBulletins.csv,ACCEPTED,AQI Bulletin,,,,
Bhopal_AQIBulletins.csv,ACCEPTED,AQI Bulletin,,,,
Bhubaneswar_AQIBulletins.csv,ACCEPTED,AQI Bulletin,,,,
Bidar_AQIBulletins.csv,ACCEPTED,AQI Bulletin,,,,
Bihar Sharif_AQIBulletins.csv,ACCEPTED,AQI Bulletin,,,,
Bikaner_AQIBulletins.csv,ACCEPTED,AQI Bulletin,,,,
Bilaspur_AQIBulletins.csv,ACCEPTED,AQI Bulletin,,,,
Bileipada_AQIBulletins.csv,ACCEPTED,AQI Bulletin,,,,
Brajrajnagar_AQIBulletins.csv,ACCEPTED,AQI Bulletin,,,,
Bulandshahr_AQIBulletins.csv,ACCEPTED,AQI Bulletin,,,,
Bundi_AQIBulletins.csv,ACCEPTED,AQI Bulletin,,,,
Buxar_AQIBulletins.csv,ACCEPTED,AQI Bulletin,,,,
Byasanagar_AQIBulletins.csv,ACCEPTED,AQI Bulletin,,,,
Byrnihat_AQIBulletins.csv,ACCEPTED,AQI Bulletin,,,,
Chamarajanagar_AQIBulletins.csv,ACCEPTED,AQI Bulletin,,,,
Chandigarh_AQIBulletins.csv,ACCEPTED,AQI Bulletin,,,,
Chandrapur_AQIBulletins.csv,ACCEPTED,AQI Bulletin,,,,
Charkhi Dadri_AQIBulletins.csv,ACCEPTED,AQI Bulletin,,,,
Chengalpattu_AQIBulletins.csv,ACCEPTED,AQI Bulletin,,,,
Chennai_AQIBulletins.csv,ACCEPTED,AQI Bulletin,,,,
Chhal_AQIBulletins.csv,ACCEPTED,AQI Bulletin,,,,
Chhapra_AQIBulletins.csv,ACCEPTED,AQI Bulletin,,,,
Chikkaballapur_AQIBulletins.csv,ACCEPTED,AQI Bulletin,,,,
Chikkamagaluru_AQIBulletins.csv,ACCEPTED,AQI Bulletin,,,,
Chittoor_AQIBulletins.csv,ACCEPTED,AQI Bulletin,,,,
Chittorgarh_AQIBulletins.csv,ACCEPTED,AQI Bulletin,,,,
Churu_AQIBulletins.csv,ACCEPTED,AQI Bulletin,,,,
Cleaned_NSUT.xlsx,REJECTED,has pollutants but only 200 rows — likely a sample/subset,200.0,12.0,0.0%,"['Date', 'Month', 'Year', 'Holidays_Count', 'Days']"
Coimbatore_AQIBulletins.csv,ACCEPTED,AQI Bulletin,,,,
Cuddalore_AQIBulletins.csv,ACCEPTED,AQI Bulletin,,,,
Cuttack_AQIBulletins.csv,ACCEPTED,AQI Bulletin,,,,
DCStadium_Hourly.csv,REJECTED,no date or city column | has pollutants but only 200 rows — likely a sample/subset,200.0,21.0,0.0%,"['Unnamed: 0', 'PM2.5', 'year', 'month', 'day']"
Damoh_AQIBulletins.csv,ACCEPTED,AQI Bulletin,,,,
Darbhanga_AQIBulletins.csv,ACCEPTED,AQI Bulletin,,,,
Data Export.csv,REJECTED,has pollutants but only 200 rows — likely a sample/subset,200.0,11.0,1.6%,"['country', 'state', 'city', 'station', 'last_update']"
Dataset_AQI21-4.xlsx,REJECTED,has pollutants but only 153 rows — likely a sample/subset,153.0,11.0,5.3%,"['City', 'AQI', 'PM2.5', 'PM10', 'O3']"
Dataset_AQI22-4.xlsx,REJECTED,has pollutants but only 153 rows — likely a sample/subset,153.0,11.0,5.9%,"['City', 'AQI', 'PM2.5', 'PM10', 'O3']"
Dataset_AQI30-4.xlsx,REJECTED,has pollutants but only 153 rows — likely a sample/subset,153.0,11.0,5.6%,"['City', 'AQI', 'PM2.5', 'PM10', 'O3']"
Dausa_AQIBulletins.csv,ACCEPTED,AQI Bulletin,,,,
Davanagere_AQIBulletins.csv,ACCEPTED,AQI Bulletin,,,,
Dehradun_AQIBulletins.csv,ACCEPTED,AQI Bulletin,,,,
Delhi_AQIBulletins.csv,ACCEPTED,AQI Bulletin,,,,
Dewas_AQIBulletins.csv,ACCEPTED,AQI Bulletin,,,,
Dhanbad_AQIBulletins.csv,ACCEPTED,AQI Bulletin,,,,
Dharuhera_AQIBulletins.csv,ACCEPTED,AQI Bulletin,,,,
Dharwad_AQIBulletins.csv,ACCEPTED,AQI Bulletin,,,,
Dholpur_AQIBulletins.csv,ACCEPTED,AQI Bulletin,,,,
Dhule_AQIBulletins.csv,ACCEPTED,AQI Bulletin,,,,
Dindigul_AQIBulletins.csv,ACCEPTED,AQI Bulletin,,,,
Durgapur_AQIBulletins.csv,ACCEPTED,AQI Bulletin,,,,
DwarkaSec8_Hourly.csv,REJECTED,no date or city column | has pollutants but only 200 rows — likely a sample/subset,200.0,21.0,0.0%,"['Unnamed: 0', 'PM2.5', 'year', 'month', 'day']"
Eloor_AQIBulletins.csv,ACCEPTED,AQI Bulletin,,,,
Ernakulam_AQIBulletins.csv,ACCEPTED,AQI Bulletin,,,,
Faridabad_AQIBulletins.csv,ACCEPTED,AQI Bulletin,,,,
Fatehabad_AQIBulletins.csv,ACCEPTED,AQI Bulletin,,,,
Firozabad_AQIBulletins.csv,ACCEPTED,AQI Bulletin,,,,
Gadag_AQIBulletins.csv,ACCEPTED,AQI Bulletin,,,,
GandhiNagar_AQIBulletins.csv,ACCEPTED,AQI Bulletin,,,,
Gangtok_AQIBulletins.csv,ACCEPTED,AQI Bulletin,,,,
Gaya_AQIBulletins.csv,ACCEPTED,AQI Bulletin,,,,
Ghaziabad_AQIBulletins.csv,ACCEPTED,AQI Bulletin,,,,
Gorakhpur_AQIBulletins.csv,ACCEPTED,AQI Bulletin,,,,
Greater Noida_AQIBulletins.csv,ACCEPTED,AQI Bulletin,,,,
Gummidipoondi_AQIBulletins.csv,ACCEPTED,AQI Bulletin,,,,
Gurugram_AQIBulletins.csv,ACCEPTED,AQI Bulletin,,,,
Guwahati_AQIBulletins.csv,ACCEPTED,AQI Bulletin,,,,
Gwalior_AQIBulletins.csv,ACCEPTED,AQI Bulletin,,,,
Hajipur_AQIBulletins.csv,ACCEPTED,AQI Bulletin,,,,
Haldia_AQIBulletins.csv,ACCEPTED,AQI Bulletin,,,,
Hanumangarh_AQIBulletins.csv,ACCEPTED,AQI Bulletin,,,,
Hapur_AQIBulletins.csv,ACCEPTED,AQI Bulletin,,,,
Hassan_AQIBulletins.csv,ACCEPTED,AQI Bulletin,,,,
Haveri_AQIBulletins.csv,ACCEPTED,AQI Bulletin,,,,
Hisar_AQIBulletins.csv,ACCEPTED,AQI Bulletin,,,,
Hosur_AQIBulletins.csv,ACCEPTED,AQI Bulletin,,,,
Howrah_AQIBulletins.csv,ACCEPTED,AQI Bulletin,,,,
Hubballi_AQIBulletins.csv,ACCEPTED,AQI Bulletin,,,,
Hyderabad_AQIBulletins.csv,ACCEPTED,AQI Bulletin,,,,
INDIA_AQI_COMPLETE_20251126.csv,REJECTED,has pollutants but only 200 rows — likely a sample/subset,200.0,71.0,11.5%,"['City', 'State', 'Latitude', 'Longitude', 'Datetime']"
Imphal_AQIBulletins.csv,ACCEPTED,AQI Bulletin,,,,
Indore_AQIBulletins.csv,ACCEPTED,AQI Bulletin,,,,
Jabalpur_AQIBulletins.csv,ACCEPTED,AQI Bulletin,,,,
Jaipur_AQIBulletins.csv,ACCEPTED,AQI Bulletin,,,,
Jaisalmer_AQIBulletins.csv,ACCEPTED,AQI Bulletin,,,,
Jalandhar_AQIBulletins.csv,ACCEPTED,AQI Bulletin,,,,
Jalgaon_AQIBulletins.csv,ACCEPTED,AQI Bulletin,,,,
Jalna_AQIBulletins.csv,ACCEPTED,AQI Bulletin,,,,
Jalore_AQIBulletins.csv,ACCEPTED,AQI Bulletin,,,,
Jhalawar_AQIBulletins.csv,ACCEPTED,AQI Bulletin,,,,
Jhansi_AQIBulletins.csv,ACCEPTED,AQI Bulletin,,,,
Jharsuguda_AQIBulletins.csv,ACCEPTED,AQI Bulletin,,,,
Jhunjhunu_AQIBulletins.csv,ACCEPTED,AQI Bulletin,,,,
Jind_AQIBulletins.csv,ACCEPTED,AQI Bulletin,,,,
Jodhpur_AQIBulletins.csv,ACCEPTED,AQI Bulletin,,,,
Jorapokhar_AQIBulletins.csv,ACCEPTED,AQI Bulletin,,,,
Kadapa_AQIBulletins.csv,ACCEPTED,AQI Bulletin,,,,
Kaithal_AQIBulletins.csv,ACCEPTED,AQI Bulletin,,,,
Kalaburagi_AQIBulletins.csv,ACCEPTED,AQI Bulletin,,,,
Kalyan_AQIBulletins.csv,ACCEPTED,AQI Bulletin,,,,
Kanchipuram_AQIBulletins.csv,ACCEPTED,AQI Bulletin,,,,
Kannur_AQIBulletins.csv,ACCEPTED,AQI Bulletin,,,,
Kanpur_AQIBulletins.csv,ACCEPTED,AQI Bulletin,,,,
Karauli_AQIBulletins.csv,ACCEPTED,AQI Bulletin,,,,
Karnal_AQIBulletins.csv,ACCEPTED,AQI Bulletin,,,,
Karwar_AQIBulletins.csv,ACCEPTED,AQI Bulletin,,,,
Kashipur_AQIBulletins.csv,ACCEPTED,AQI Bulletin,,,,
Katihar_AQIBulletins.csv,ACCEPTED,AQI Bulletin,,,,
Katni_AQIBulletins.csv,ACCEPTED,AQI Bulletin,,,,
Keonjhar_AQIBulletins.csv,ACCEPTED,AQI Bulletin,,,,
Khanna_AQIBulletins.csv,ACCEPTED,AQI Bulletin,,,,
Khurja_AQIBulletins.csv,ACCEPTED,AQI Bulletin,,,,
Kishanganj_AQIBulletins.csv,ACCEPTED,AQI Bulletin,,,,
Kochi_AQIBulletins.csv,ACCEPTED,AQI Bulletin,,,,
Kohima_AQIBulletins.csv,ACCEPTED,AQI Bulletin,,,,
Kolar_AQIBulletins.csv,ACCEPTED,AQI Bulletin,,,,
Kolhapur_AQIBulletins.csv,ACCEPTED,AQI Bulletin,,,,
Kolkata_AQIBulletins.csv,ACCEPTED,AQI Bulletin,,,,
Kollam_AQIBulletins.csv,ACCEPTED,AQI Bulletin,,,,
Koppal_AQIBulletins.csv,ACCEPTED,AQI Bulletin,,,,
Korba_AQIBulletins.csv,ACCEPTED,AQI Bulletin,,,,
Kota_AQIBulletins.csv,ACCEPTED,AQI Bulletin,,,,
Kozhikode_AQIBulletins.csv,ACCEPTED,AQI Bulletin,,,,
Kunjemura_AQIBulletins.csv,ACCEPTED,AQI Bulletin,,,,
Kurukshetra_AQIBulletins.csv,ACCEPTED,AQI Bulletin,,,,
Latur_AQIBulletins.csv,ACCEPTED,AQI Bulletin,,,,
Loni_Dehat_AQIBulletins.csv,ACCEPTED,AQI Bulletin,,,,
Loni_Ghaziabad_AQIBulletins.csv,ACCEPTED,AQI Bulletin,,,,
Lucknow_AQIBulletins.csv,ACCEPTED,AQI Bulletin,,,,
Ludhiana_AQIBulletins.csv,ACCEPTED,AQI Bulletin,,,,
Madikeri_AQIBulletins.csv,ACCEPTED,AQI Bulletin,,,,
Mahad_AQIBulletins.csv,ACCEPTED,AQI Bulletin,,,,
Maihar_AQIBulletins.csv,ACCEPTED,AQI Bulletin,,,,
Mandi Gobindgarh_AQIBulletins.csv,ACCEPTED,AQI Bulletin,,,,
Mandideep_AQIBulletins.csv,ACCEPTED,AQI Bulletin,,,,
Mandikhera_AQIBulletins.csv,ACCEPTED,AQI Bulletin,,,,
Manesar_AQIBulletins.csv,ACCEPTED,AQI Bulletin,,,,
Mangalore_AQIBulletins.csv,ACCEPTED,AQI Bulletin,,,,
Manguraha_AQIBulletins.csv,ACCEPTED,AQI Bulletin,,,,
Medikeri_AQIBulletins.csv,ACCEPTED,AQI Bulletin,,,,
Meerut_AQIBulletins.csv,ACCEPTED,AQI Bulletin,,,,
Milupara_AQIBulletins.csv,ACCEPTED,AQI Bulletin,,,,
Moradabad_AQIBulletins.csv,ACCEPTED,AQI Bulletin,,,,
Motihari_AQIBulletins.csv,ACCEPTED,AQI Bulletin,,,,
Mumbai_AQIBulletins.csv,ACCEPTED,AQI Bulletin,,,,
Munger_AQIBulletins.csv,ACCEPTED,AQI Bulletin,,,,
Muzaffarnagar_AQIBulletins.csv,ACCEPTED,AQI Bulletin,,,,
Muzaffarpur_AQIBulletins.csv,ACCEPTED,AQI Bulletin,,,,
Mysuru_AQIBulletins.csv,ACCEPTED,AQI Bulletin,,,,
Nagaon_AQIBulletins.csv,ACCEPTED,AQI Bulletin,,,,
Nagaur_AQIBulletins.csv,ACCEPTED,AQI Bulletin,,,,
Nagpur_AQIBulletins.csv,ACCEPTED,AQI Bulletin,,,,
Naharlagun_AQIBulletins.csv,ACCEPTED,AQI Bulletin,,,,
Najafgarh_Hourly.csv,REJECTED,no date or city column | has pollutants but only 200 rows — likely a sample/subset,200.0,21.0,0.0%,"['Unnamed: 0', 'PM2.5', 'year', 'month', 'day']"
Nalbari_AQIBulletins.csv,ACCEPTED,AQI Bulletin,,,,
Nanded_AQIBulletins.csv,ACCEPTED,AQI Bulletin,,,,
Nandesari_AQIBulletins.csv,ACCEPTED,AQI Bulletin,,,,
Narnaul_AQIBulletins.csv,ACCEPTED,AQI Bulletin,,,,
Nashik_AQIBulletins.csv,ACCEPTED,AQI Bulletin,,,,
Navi Mumbai_AQIBulletins.csv,ACCEPTED,AQI Bulletin,,,,
Nayagarh_AQIBulletins.csv,ACCEPTED,AQI Bulletin,,,,
NehruNagar_Hourly.csv,REJECTED,no date or city column | has pollutants but only 200 rows — likely a sample/subset,200.0,21.0,0.0%,"['Unnamed: 0', 'PM2.5', 'year', 'month', 'day']"
Noida_AQIBulletins.csv,ACCEPTED,AQI Bulletin,,,,
Okhla_Hourly.csv,REJECTED,no date or city column | has pollutants but only 200 rows — likely a sample/subset,200.0,21.0,0.0%,"['Unnamed: 0', 'PM2.5', 'year', 'month', 'day']"
Ooty_AQIBulletins.csv,ACCEPTED,AQI Bulletin,,,,
Pali_AQIBulletins.csv,ACCEPTED,AQI Bulletin,,,,
Palkalaiperur_AQIBulletins.csv,ACCEPTED,AQI Bulletin,,,,
Palwal_AQIBulletins.csv,ACCEPTED,AQI Bulletin,,,,
Panchkula_AQIBulletins.csv,ACCEPTED,AQI Bulletin,,,,
Panipat_AQIBulletins.csv,ACCEPTED,AQI Bulletin,,,,
Parbhani_AQIBulletins.csv,ACCEPTED,AQI Bulletin,,,,
Patiala_AQIBulletins.csv,ACCEPTED,AQI Bulletin,,,,
Patna_AQIBulletins.csv,ACCEPTED,AQI Bulletin,,,,
Pimpri Chinchwad_AQIBulletins.csv,ACCEPTED,AQI Bulletin,,,,
Pithampur_AQIBulletins.csv,ACCEPTED,AQI Bulletin,,,,
Pratapgarh_AQIBulletins.csv,ACCEPTED,AQI Bulletin,,,,
Prayagraj_AQIBulletins.csv,ACCEPTED,AQI Bulletin,,,,
Puducherry_AQIBulletins.csv,ACCEPTED,AQI Bulletin,,,,
Pune_AQIBulletins.csv,ACCEPTED,AQI Bulletin,,,,
Purnia_AQIBulletins.csv,ACCEPTED,AQI Bulletin,,,,
Raichur_AQIBulletins.csv,ACCEPTED,AQI Bulletin,,,,
Raipur_AQIBulletins.csv,ACCEPTED,AQI Bulletin,,,,
Rairangpur_AQIBulletins.csv,ACCEPTED,AQI Bulletin,,,,
Rajamahendravaram_AQIBulletins.csv,ACCEPTED,AQI Bulletin,,,,
Rajgir_AQIBulletins.csv,ACCEPTED,AQI Bulletin,,,,
Rajsamand_AQIBulletins.csv,ACCEPTED,AQI Bulletin,,,,
Ramanagara_AQIBulletins.csv,ACCEPTED,AQI Bulletin,,,,
Ramanathapuram_AQIBulletins.csv,ACCEPTED,AQI Bulletin,,,,
Ratlam_AQIBulletins.csv,ACCEPTED,AQI Bulletin,,,,
Rishikesh_AQIBulletins.csv,ACCEPTED,AQI Bulletin,,,,
Rohtak_AQIBulletins.csv,ACCEPTED,AQI Bulletin,,,,
Rourkela_AQIBulletins.csv,ACCEPTED,AQI Bulletin,,,,
Rupnagar_AQIBulletins.csv,ACCEPTED,AQI Bulletin,,,,
Sagar_AQIBulletins.csv,ACCEPTED,AQI Bulletin,,,,
Saharsa_AQIBulletins.csv,ACCEPTED,AQI Bulletin,,,,
Salem_AQIBulletins.csv,ACCEPTED,AQI Bulletin,,,,
Samastipur_AQIBulletins.csv,ACCEPTED,AQI Bulletin,,,,
Sangli_AQIBulletins.csv,ACCEPTED,AQI Bulletin,,,,
Sasaram_AQIBulletins.csv,ACCEPTED,AQI Bulletin,,,,
Satna_AQIBulletins.csv,ACCEPTED,AQI Bulletin,,,,
Sawai Madhopur_AQIBulletins.csv,ACCEPTED,AQI Bulletin,,,,
Shillong_AQIBulletins.csv,ACCEPTED,AQI Bulletin,,,,
Shivamogga_AQIBulletins.csv,ACCEPTED,AQI Bulletin,,,,
Sikar_AQIBulletins.csv,ACCEPTED,AQI Bulletin,,,,
Silchar_AQIBulletins.csv,ACCEPTED,AQI Bulletin,,,,
Siliguri_AQIBulletins.csv,ACCEPTED,AQI Bulletin,,,,
Singrauli_AQIBulletins.csv,ACCEPTED,AQI Bulletin,,,,
Sirohi_AQIBulletins.csv,ACCEPTED,AQI Bulletin,,,,
Sirsa_AQIBulletins.csv,ACCEPTED,AQI Bulletin,,,,
Sivasagar_AQIBulletins.csv,ACCEPTED,AQI Bulletin,,,,
Siwan_AQIBulletins.csv,ACCEPTED,AQI Bulletin,,,,
Solapur_AQIBulletins.csv,ACCEPTED,AQI Bulletin,,,,
Sonipat_AQIBulletins.csv,ACCEPTED,AQI Bulletin,,,,
Sri Ganganagar_AQIBulletins.csv,ACCEPTED,AQI Bulletin,,,,
Srinagar_AQIBulletins.csv,ACCEPTED,AQI Bulletin,,,,
Suakati_AQIBulletins.csv,ACCEPTED,AQI Bulletin,,,,
Surat_AQIBulletins.csv,ACCEPTED,AQI Bulletin,,,,
Talcher_AQIBulletins.csv,ACCEPTED,AQI Bulletin,,,,
Tensa_AQIBulletins.csv,ACCEPTED,AQI Bulletin,,,,
Thane_AQIBulletins.csv,ACCEPTED,AQI Bulletin,,,,
Thiruvananthapuram_AQIBulletins.csv,ACCEPTED,AQI Bulletin,,,,
Thoothukudi_AQIBulletins.csv,ACCEPTED,AQI Bulletin,,,,
Thrissur_AQIBulletins.csv,ACCEPTED,AQI Bulletin,,,,
Tiruchirappalli_AQIBulletins.csv,ACCEPTED,AQI Bulletin,,,,
Tirupati_AQIBulletins.csv,ACCEPTED,AQI Bulletin,,,,
Tirupur_AQIBulletins.csv,ACCEPTED,AQI Bulletin,,,,
Tonk_AQIBulletins.csv,ACCEPTED,AQI Bulletin,,,,
Tumakuru_AQIBulletins.csv,ACCEPTED,AQI Bulletin,,,,
Tumidih_AQIBulletins.csv,ACCEPTED,AQI Bulletin,,,,
Udaipur_AQIBulletins.csv,ACCEPTED,AQI Bulletin,,,,
Udupi_AQIBulletins.csv,ACCEPTED,AQI Bulletin,,,,
Ujjain_AQIBulletins.csv,ACCEPTED,AQI Bulletin,,,,
Ulhasnagar_AQIBulletins.csv,ACCEPTED,AQI Bulletin,,,,
Vapi_AQIBulletins.csv,ACCEPTED,AQI Bulletin,,,,
Varanasi_AQIBulletins.csv,ACCEPTED,AQI Bulletin,,,,
Vatva_AQIBulletins.csv,ACCEPTED,AQI Bulletin,,,,
Vellore_AQIBulletins.csv,ACCEPTED,AQI Bulletin,,,,
Vijayapura_AQIBulletins.csv,ACCEPTED,AQI Bulletin,,,,
Vijayawada_AQIBulletins.csv,ACCEPTED,AQI Bulletin,,,,
Visakhapatnam_AQIBulletins.csv,ACCEPTED,AQI Bulletin,,,,
Vrindavan_AQIBulletins.csv,ACCEPTED,AQI Bulletin,,,,
Yadgir_AQIBulletins.csv,ACCEPTED,AQI Bulletin,,,,
Yamunanagar_AQIBulletins.csv,ACCEPTED,AQI Bulletin,,,,
air-quality-india.csv,REJECTED,has pollutants but only 200 rows — likely a sample/subset,200.0,6.0,0.0%,"['Timestamp', 'Year', 'Month', 'Day', 'Hour']"
aqi_india_38cols_knn_final.csv,ACCEPTED,Primary dataset,,,,
bengaluru_combined.csv,REJECTED,has pollutants but only 200 rows — likely a sample/subset,200.0,9.0,3.7%,"['Timestamp', 'Location', 'PM2.5', 'PM10', 'NO2']"
cleaned/01_regression/regression_test.csv,REJECTED,has pollutants but only 200 rows — likely a sample/subset,200.0,11.0,0.0%,"['city', 'pm2_5_ugm3_log', 'pm10_ugm3_log', 'co_ugm3_log', 'no2_ugm3_log']"
cleaned/01_regression/regression_train.csv,REJECTED,has pollutants but only 200 rows — likely a sample/subset,200.0,11.0,0.0%,"['city', 'pm2_5_ugm3_log', 'pm10_ugm3_log', 'co_ugm3_log', 'no2_ugm3_log']"
cleaned/02_classification/clf_test_scaled.csv,REJECTED,has pollutants but only 200 rows — likely a sample/subset,200.0,12.0,0.0%,"['pm2_5_ugm3', 'pm10_ugm3', 'co_ugm3', 'no2_ugm3', 'so2_ugm3']"
cleaned/02_classification/clf_test_unscaled.csv,REJECTED,has pollutants but only 200 rows — likely a sample/subset,200.0,12.0,0.0%,"['pm2_5_ugm3', 'pm10_ugm3', 'co_ugm3', 'no2_ugm3', 'so2_ugm3']"
cleaned/02_classification/clf_train_scaled.csv,REJECTED,has pollutants but only 200 rows — likely a sample/subset,200.0,12.0,0.0%,"['pm2_5_ugm3', 'pm10_ugm3', 'co_ugm3', 'no2_ugm3', 'so2_ugm3']"
cleaned/02_classification/clf_train_unscaled.csv,REJECTED,has pollutants but only 200 rows — likely a sample/subset,200.0,12.0,0.0%,"['pm2_5_ugm3', 'pm10_ugm3', 'co_ugm3', 'no2_ugm3', 'so2_ugm3']"
cleaned/03_clustering/bulletins_stacked.csv,REJECTED,schema does not match any expected format,200.0,9.0,0.0%,"['date', 'city', 'num_stations', 'aqi_category', 'aqi_value']"
cleaned/03_clustering/city_clusters.csv,REJECTED,has pollutants but only 200 rows — likely a sample/subset,200.0,14.0,0.0%,"['city', 'mean_aqi', 'std_aqi', 'mean_aqi_winter', 'mean_aqi_summer']"
cleaned/03_clustering/city_profiles.csv,REJECTED,has pollutants but only 200 rows — likely a sample/subset,200.0,17.0,4.0%,"['city', 'n_days', 'mean_aqi', 'median_aqi', 'std_aqi']"
cleaned/03_clustering/city_profiles_scaled.csv,REJECTED,has pollutants but only 200 rows — likely a sample/subset,200.0,12.0,0.0%,"['city', 'mean_aqi', 'std_aqi', 'mean_aqi_winter', 'mean_aqi_summer']"
cleaned/04_dimensionality/pca_components.csv,REJECTED,no pollutant or AQI columns,200.0,8.0,0.1%,"['city', 'PC1', 'PC2', 'PC3', 'PC4']"
cleaned/04_dimensionality/pca_loadings.csv,REJECTED,only 6 rows | no date or city column | has pollutants but only 6 rows — likely a sample/subset,6.0,8.0,0.0%,"['Unnamed: 0', 'pm2_5_ugm3', 'pm10_ugm3', 'co_ugm3', 'no2_ugm3']"
cleaned/04_dimensionality/pollutant_matrix_scaled.csv,REJECTED,has pollutants but only 200 rows — likely a sample/subset,200.0,8.0,0.1%,"['city', 'pm2_5_ugm3', 'pm10_ugm3', 'co_ugm3', 'no2_ugm3']"
cleaned/04_dimensionality/tsne_sample.csv,REJECTED,has pollutants but only 200 rows — likely a sample/subset,200.0,10.0,4.1%,"['city', 'tsne1', 'tsne2', 'aqi_category', 'pm2_5_ugm3']"
cleaned/04_shared/cleaning_log.csv,REJECTED,only 5 rows | no pollutant or AQI columns | no date or city column,5.0,6.0,0.0%,"['step', 'rows_before', 'rows_after', 'rows_removed', 'pct_removed']"
cleaned/04_shared/master_cleaned.csv,REJECTED,has pollutants but only 200 rows — likely a sample/subset,200.0,35.0,0.0%,"['city', 'state', 'latitude', 'longitude', 'datetime']"
data_aqi_cpcb.csv,REJECTED,92% cells empty,31.0,6011.0,91.6%,"['City/0/Station/0/Pollutant_Index/0/_id', 'City/0/Station/0/Pollutant_Index/0/_Min', 'City/0/Station/0/Pollutant_Index/0/_Max', 'City/0/Station/0/Pollutant_Index/0/_Avg', 'City/0/Station/0/Pollutant_Index/1/_id']"
delhi-weather-aqi-2025.csv,REJECTED,has pollutants but only 200 rows — likely a sample/subset,200.0,16.0,0.0%,"['date_ist', 'time_ist', 'location', 'lat', 'lon']"
delhi_ncr_aqi_dataset.csv,REJECTED,has pollutants but only 200 rows — likely a sample/subset,200.0,25.0,0.0%,"['datetime', 'date', 'year', 'month', 'day']"
kaggle-2015-o-2020.csv,REJECTED,has pollutants but only 200 rows — likely a sample/subset,200.0,16.0,17.2%,"['City', 'Date', 'PM2.5', 'PM10', 'NO']"
