file,path,schema,schema_label,size_kb,source,rows,cols,date_range,cities,states,stations,missing_pct,sentinel_999,aqi_range,pollutants,columns_raw,has_datetime,has_pollutants,has_aqi,has_location,pollutants_found,date_sample
Chhapra_AQIBulletins.csv,./data/Chhapra_AQIBulletins.csv,AQI_BULLETIN,AQI Bulletin (daily city-level),26.9,CPCB AQI Bulletin,674,6,N/A,1 unique (Chhapra...),N/A,N/A,0.0,False,22 – 452 (mean 215),None detected,date | City | No. Stations | Air Quality | Index Value | Prominent Pollutant,True,False,True,True,[],2021-11-23
Panchkula_AQIBulletins.csv,./data/Panchkula_AQIBulletins.csv,AQI_BULLETIN,AQI Bulletin (daily city-level),107.6,CPCB AQI Bulletin,2514,6,N/A,1 unique (Panchkula...),N/A,N/A,0.0,False,18 – 474 (mean 101),None detected,date | City | No. Stations | Air Quality | Index Value | Prominent Pollutant,True,False,True,True,[],2015-12-15
GandhiNagar_AQIBulletins.csv,./data/GandhiNagar_AQIBulletins.csv,AQI_BULLETIN,AQI Bulletin (daily city-level),81.5,CPCB AQI Bulletin,1704,6,N/A,1 unique (GandhiNagar...),N/A,N/A,0.0,False,22 – 305 (mean 89),None detected,date | City | No. Stations | Air Quality | Index Value | Prominent Pollutant,True,False,True,True,[],2019-02-05
Baripada_AQIBulletins.csv,./data/Baripada_AQIBulletins.csv,AQI_BULLETIN,AQI Bulletin (daily city-level),15.0,CPCB AQI Bulletin,369,6,N/A,1 unique (Baripada...),N/A,N/A,0.0,False,24 – 321 (mean 131),None detected,date | City | No. Stations | Air Quality | Index Value | Prominent Pollutant,True,False,True,True,[],2022-11-27
Korba_AQIBulletins.csv,./data/Korba_AQIBulletins.csv,AQI_BULLETIN,AQI Bulletin (daily city-level),14.5,CPCB AQI Bulletin,360,6,N/A,1 unique (Korba...),N/A,N/A,0.0,False,14 – 218 (mean 70),None detected,date | City | No. Stations | Air Quality | Index Value | Prominent Pollutant,True,False,True,True,[],2022-10-26
Visakhapatnam_AQIBulletins.csv,./data/Visakhapatnam_AQIBulletins.csv,AQI_BULLETIN,AQI Bulletin (daily city-level),114.5,CPCB AQI Bulletin,2445,6,N/A,1 unique (Visakhapatnam...),N/A,N/A,0.0,False,19 – 500 (mean 111),None detected,date | City | No. Stations | Air Quality | Index Value | Prominent Pollutant,True,False,True,True,[],2016-07-12
Pratapgarh_AQIBulletins.csv,./data/Pratapgarh_AQIBulletins.csv,AQI_BULLETIN,AQI Bulletin (daily city-level),11.9,CPCB AQI Bulletin,273,6,N/A,1 unique (Pratapgarh...),N/A,N/A,0.0,False,33 – 314 (mean 104),None detected,date | City | No. Stations | Air Quality | Index Value | Prominent Pollutant,True,False,True,True,[],2023-03-13
Kunjemura_AQIBulletins.csv,./data/Kunjemura_AQIBulletins.csv,AQI_BULLETIN,AQI Bulletin (daily city-level),7.5,CPCB AQI Bulletin,181,6,N/A,1 unique (Kunjemura...),N/A,N/A,0.0,False,18 – 345 (mean 89),None detected,date | City | No. Stations | Air Quality | Index Value | Prominent Pollutant,True,False,True,True,[],2023-03-13
Hosur_AQIBulletins.csv,./data/Hosur_AQIBulletins.csv,AQI_BULLETIN,AQI Bulletin (daily city-level),12.6,CPCB AQI Bulletin,332,6,N/A,1 unique (Hosur...),N/A,N/A,0.0,False,16 – 232 (mean 86),None detected,date | City | No. Stations | Air Quality | Index Value | Prominent Pollutant,True,False,True,True,[],2022-08-10
Akola_AQIBulletins.csv,./data/Akola_AQIBulletins.csv,AQI_BULLETIN,AQI Bulletin (daily city-level),7.3,CPCB AQI Bulletin,192,6,N/A,1 unique (Akola...),N/A,N/A,0.0,False,30 – 330 (mean 102),None detected,date | City | No. Stations | Air Quality | Index Value | Prominent Pollutant,True,False,True,True,[],2023-06-13
Raipur_AQIBulletins.csv,./data/Raipur_AQIBulletins.csv,AQI_BULLETIN,AQI Bulletin (daily city-level),16.0,CPCB AQI Bulletin,363,6,N/A,1 unique (Raipur...),N/A,N/A,0.0,False,20 – 176 (mean 82),None detected,date | City | No. Stations | Air Quality | Index Value | Prominent Pollutant,True,False,True,True,[],2022-10-26
Sivasagar_AQIBulletins.csv,./data/Sivasagar_AQIBulletins.csv,AQI_BULLETIN,AQI Bulletin (daily city-level),17.1,CPCB AQI Bulletin,433,6,N/A,1 unique (Sivasagar...),N/A,N/A,0.0,False,9 – 91 (mean 38),None detected,date | City | No. Stations | Air Quality | Index Value | Prominent Pollutant,True,False,True,True,[],2022-09-30
Panipat_AQIBulletins.csv,./data/Panipat_AQIBulletins.csv,AQI_BULLETIN,AQI Bulletin (daily city-level),61.9,CPCB AQI Bulletin,1538,6,N/A,1 unique (Panipat...),N/A,N/A,0.0,False,27 – 475 (mean 158),None detected,date | City | No. Stations | Air Quality | Index Value | Prominent Pollutant,True,False,True,True,[],2019-01-10
Narnaul_AQIBulletins.csv,./data/Narnaul_AQIBulletins.csv,AQI_BULLETIN,AQI Bulletin (daily city-level),62.1,CPCB AQI Bulletin,1555,6,N/A,1 unique (Narnaul...),N/A,N/A,0.0,False,14 – 435 (mean 136),None detected,date | City | No. Stations | Air Quality | Index Value | Prominent Pollutant,True,False,True,True,[],2019-02-05
Palkalaiperur_AQIBulletins.csv,./data/Palkalaiperur_AQIBulletins.csv,AQI_BULLETIN,AQI Bulletin (daily city-level),8.1,CPCB AQI Bulletin,175,6,N/A,1 unique (Palkalaiperur...),N/A,N/A,0.0,False,24 – 103 (mean 54),None detected,date | City | No. Stations | Air Quality | Index Value | Prominent Pollutant,True,False,True,True,[],2023-03-17
Nayagarh_AQIBulletins.csv,./data/Nayagarh_AQIBulletins.csv,AQI_BULLETIN,AQI Bulletin (daily city-level),14.6,CPCB AQI Bulletin,359,6,N/A,1 unique (Nayagarh...),N/A,N/A,0.0,False,27 – 336 (mean 130),None detected,date | City | No. Stations | Air Quality | Index Value | Prominent Pollutant,True,False,True,True,[],2022-11-27
Durgapur_AQIBulletins.csv,./data/Durgapur_AQIBulletins.csv,AQI_BULLETIN,AQI Bulletin (daily city-level),67.9,CPCB AQI Bulletin,1670,6,N/A,1 unique (Durgapur...),N/A,N/A,0.0,False,18 – 451 (mean 142),None detected,date | City | No. Stations | Air Quality | Index Value | Prominent Pollutant,True,False,True,True,[],2016-09-25
AQI Data.csv,./data/AQI Data.csv,WEATHER_PM25,Weather + PM2.5 only (limited use),60.6,Kaggle: jimschacko/bangalore-5-year-aqi-data,2192,9,N/A,N/A,N/A,N/A,50.0,True,N/A,None detected,T | TM | Tm | SLP | H | VV | V | VM | PM 2.5,False,False,False,False,[],
Bilaspur_AQIBulletins.csv,./data/Bilaspur_AQIBulletins.csv,AQI_BULLETIN,AQI Bulletin (daily city-level),28.1,CPCB AQI Bulletin,666,6,N/A,1 unique (Bilaspur...),N/A,N/A,0.0,False,16 – 259 (mean 73),None detected,date | City | No. Stations | Air Quality | Index Value | Prominent Pollutant,True,False,True,True,[],2021-09-23
Pune_AQIBulletins.csv,./data/Pune_AQIBulletins.csv,AQI_BULLETIN,AQI Bulletin (daily city-level),109.0,CPCB AQI Bulletin,2718,6,N/A,1 unique (Pune...),N/A,N/A,0.0,False,19 – 435 (mean 110),None detected,date | City | No. Stations | Air Quality | Index Value | Prominent Pollutant,True,False,True,True,[],2015-08-20
Madikeri_AQIBulletins.csv,./data/Madikeri_AQIBulletins.csv,AQI_BULLETIN,AQI Bulletin (daily city-level),26.0,CPCB AQI Bulletin,692,6,N/A,1 unique (Madikeri...),N/A,N/A,0.0,False,14 – 127 (mean 42),None detected,date | City | No. Stations | Air Quality | Index Value | Prominent Pollutant,True,False,True,True,[],2021-12-16
Bihar Sharif_AQIBulletins.csv,./data/Bihar Sharif_AQIBulletins.csv,AQI_BULLETIN,AQI Bulletin (daily city-level),27.5,CPCB AQI Bulletin,621,6,N/A,1 unique (Bihar Sharif...),N/A,N/A,0.0,False,20 – 433 (mean 160),None detected,date | City | No. Stations | Air Quality | Index Value | Prominent Pollutant,True,False,True,True,[],2021-07-23
Hanumangarh_AQIBulletins.csv,./data/Hanumangarh_AQIBulletins.csv,AQI_BULLETIN,AQI Bulletin (daily city-level),12.5,CPCB AQI Bulletin,281,6,N/A,1 unique (Hanumangarh...),N/A,N/A,0.0,False,26 – 447 (mean 192),None detected,date | City | No. Stations | Air Quality | Index Value | Prominent Pollutant,True,False,True,True,[],2023-03-13
Mysuru_AQIBulletins.csv,./data/Mysuru_AQIBulletins.csv,AQI_BULLETIN,AQI Bulletin (daily city-level),52.0,CPCB AQI Bulletin,1393,6,N/A,1 unique (Mysuru...),N/A,N/A,0.0,False,17 – 217 (mean 52),None detected,date | City | No. Stations | Air Quality | Index Value | Prominent Pollutant,True,False,True,True,[],2019-07-29
Motihari_AQIBulletins.csv,./data/Motihari_AQIBulletins.csv,AQI_BULLETIN,AQI Bulletin (daily city-level),27.6,CPCB AQI Bulletin,684,6,N/A,1 unique (Motihari...),N/A,N/A,0.0,False,33 – 448 (mean 168),None detected,date | City | No. Stations | Air Quality | Index Value | Prominent Pollutant,True,False,True,True,[],2021-07-18
Cuddalore_AQIBulletins.csv,./data/Cuddalore_AQIBulletins.csv,AQI_BULLETIN,AQI Bulletin (daily city-level),10.2,CPCB AQI Bulletin,245,6,N/A,1 unique (Cuddalore...),N/A,N/A,0.0,False,13 – 252 (mean 83),None detected,date | City | No. Stations | Air Quality | Index Value | Prominent Pollutant,True,False,True,True,[],2023-03-14
Jabalpur_AQIBulletins.csv,./data/Jabalpur_AQIBulletins.csv,AQI_BULLETIN,AQI Bulletin (daily city-level),62.4,CPCB AQI Bulletin,1516,6,N/A,1 unique (Jabalpur...),N/A,N/A,0.0,False,22 – 368 (mean 125),None detected,date | City | No. Stations | Air Quality | Index Value | Prominent Pollutant,True,False,True,True,[],2019-09-23
Nandesari_AQIBulletins.csv,./data/Nandesari_AQIBulletins.csv,AQI_BULLETIN,AQI Bulletin (daily city-level),29.7,CPCB AQI Bulletin,726,6,N/A,1 unique (Nandesari...),N/A,N/A,0.0,False,10 – 348 (mean 109),None detected,date | City | No. Stations | Air Quality | Index Value | Prominent Pollutant,True,False,True,True,[],2020-02-26
Kaithal_AQIBulletins.csv,./data/Kaithal_AQIBulletins.csv,AQI_BULLETIN,AQI Bulletin (daily city-level),68.5,CPCB AQI Bulletin,1695,6,N/A,1 unique (Kaithal...),N/A,N/A,0.0,False,18 – 467 (mean 137),None detected,date | City | No. Stations | Air Quality | Index Value | Prominent Pollutant,True,False,True,True,[],2019-02-19
Brajrajnagar_AQIBulletins.csv,./data/Brajrajnagar_AQIBulletins.csv,AQI_BULLETIN,AQI Bulletin (daily city-level),60.2,CPCB AQI Bulletin,1349,6,N/A,1 unique (Brajrajnagar...),N/A,N/A,0.0,False,22 – 337 (mean 115),None detected,date | City | No. Stations | Air Quality | Index Value | Prominent Pollutant,True,False,True,True,[],2018-02-15
Belgaum_AQIBulletins.csv,./data/Belgaum_AQIBulletins.csv,AQI_BULLETIN,AQI Bulletin (daily city-level),17.5,CPCB AQI Bulletin,454,6,N/A,1 unique (Belgaum...),N/A,N/A,0.0,False,30 – 235 (mean 80),None detected,date | City | No. Stations | Air Quality | Index Value | Prominent Pollutant,True,False,True,True,[],2022-08-09
Rupnagar_AQIBulletins.csv,./data/Rupnagar_AQIBulletins.csv,AQI_BULLETIN,AQI Bulletin (daily city-level),73.4,CPCB AQI Bulletin,1758,6,N/A,1 unique (Rupnagar...),N/A,N/A,0.0,False,17 – 500 (mean 115),None detected,date | City | No. Stations | Air Quality | Index Value | Prominent Pollutant,True,False,True,True,[],2018-05-03
AP001.csv,./data/AP001.csv,CAAQMS_HOURLY,Raw Hourly Sensor (CAAQMS wide format),7990.8,Kaggle: abhisheksjha/time-series-air-quality-data (CAAQMS hourly),59150,23,N/A,N/A,N/A,N/A,10.5,False,N/A,"PM2.5 (ug/m3), PM10 (ug/m3), NO2 (ug/m3), NOx (ppb), NH3 (ug/m3), SO2 (ug/m3), Ozone (ug/m3), Benzene (ug/m3), Toluene (ug/m3), Xylene (ug/m3)",From Date | To Date | PM2.5 (ug/m3) | PM10 (ug/m3) | NO (ug/m3) | NO2 (ug/m3) | NOx (ppb) | NH3 (ug/,True,True,False,False,"['PM2.5 (ug/m3)', 'PM10 (ug/m3)', 'NO2 (ug/m3)', 'NOx (ppb)', 'NH3 (ug/m3)', 'SO2 (ug/m3)', 'Ozone (",2016-07-01 10:00:00
Haldia_AQIBulletins.csv,./data/Haldia_AQIBulletins.csv,AQI_BULLETIN,AQI Bulletin (daily city-level),78.1,CPCB AQI Bulletin,2048,6,N/A,1 unique (Haldia...),N/A,N/A,0.0,False,13 – 430 (mean 87),None detected,date | City | No. Stations | Air Quality | Index Value | Prominent Pollutant,True,False,True,True,[],2015-12-28
Asansol_AQIBulletins.csv,./data/Asansol_AQIBulletins.csv,AQI_BULLETIN,AQI Bulletin (daily city-level),77.1,CPCB AQI Bulletin,1937,6,N/A,1 unique (Asansol...),N/A,N/A,0.0,False,16 – 394 (mean 130),None detected,date | City | No. Stations | Air Quality | Index Value | Prominent Pollutant,True,False,True,True,[],2018-02-04
Faridabad_AQIBulletins.csv,./data/Faridabad_AQIBulletins.csv,AQI_BULLETIN,AQI Bulletin (daily city-level),130.6,CPCB AQI Bulletin,2922,6,N/A,1 unique (Faridabad...),N/A,N/A,0.1,False,25 – 496 (mean 206),None detected,date | City | No. Stations | Air Quality | Index Value | Prominent Pollutant,True,False,True,True,[],2015-05-01
Thane_AQIBulletins.csv,./data/Thane_AQIBulletins.csv,AQI_BULLETIN,AQI Bulletin (daily city-level),79.0,CPCB AQI Bulletin,2106,6,N/A,1 unique (Thane...),N/A,N/A,0.0,False,17 – 500 (mean 125),None detected,date | City | No. Stations | Air Quality | Index Value | Prominent Pollutant,True,False,True,True,[],2016-09-01
Kochi_AQIBulletins.csv,./data/Kochi_AQIBulletins.csv,AQI_BULLETIN,AQI Bulletin (daily city-level),43.4,CPCB AQI Bulletin,1134,6,N/A,1 unique (Kochi...),N/A,N/A,0.0,False,16 – 293 (mean 88),None detected,date | City | No. Stations | Air Quality | Index Value | Prominent Pollutant,True,False,True,True,[],2020-02-05
Bhiwandi_AQIBulletins.csv,./data/Bhiwandi_AQIBulletins.csv,AQI_BULLETIN,AQI Bulletin (daily city-level),6.0,CPCB AQI Bulletin,148,6,N/A,1 unique (Bhiwandi...),N/A,N/A,0.0,False,18 – 244 (mean 102),None detected,date | City | No. Stations | Air Quality | Index Value | Prominent Pollutant,True,False,True,True,[],2023-06-21
Tiruchirappalli_AQIBulletins.csv,./data/Tiruchirappalli_AQIBulletins.csv,AQI_BULLETIN,AQI Bulletin (daily city-level),0.4,CPCB AQI Bulletin,6,6,N/A,1 unique (Tiruchirappalli...),N/A,N/A,0.0,False,46 – 107 (mean 73),None detected,date | City | No. Stations | Air Quality | Index Value | Prominent Pollutant,True,False,True,True,[],2023-12-21
Moradabad_AQIBulletins.csv,./data/Moradabad_AQIBulletins.csv,AQI_BULLETIN,AQI Bulletin (daily city-level),83.7,CPCB AQI Bulletin,1909,6,N/A,1 unique (Moradabad...),N/A,N/A,0.0,False,21 – 500 (mean 175),None detected,date | City | No. Stations | Air Quality | Index Value | Prominent Pollutant,True,False,True,True,[],2017-09-21
AQI.csv,./data/AQI.csv,LONG_FORMAT,Long Format (1 row/pollutant),343.6,Unknown,3077,11,N/A,"237 unique (Vijayawada, Visakhapatnam, Naharlagun, Byrnihat, Guwahati...)",30 unique,464 unique,2.7,False,N/A,None detected,country | state | city | station | last_update | latitude | longitude | pollutant_id | pollutant_min,True,False,False,True,[],19-05-2025 10:00:00
Kanpur_AQIBulletins.csv,./data/Kanpur_AQIBulletins.csv,AQI_BULLETIN,AQI Bulletin (daily city-level),121.3,CPCB AQI Bulletin,2979,6,N/A,1 unique (Kanpur...),N/A,N/A,0.1,False,21 – 497 (mean 167),None detected,date | City | No. Stations | Air Quality | Index Value | Prominent Pollutant,True,False,True,True,[],2015-05-01
bengaluru_combined.csv,./data/bengaluru_combined.csv,UNKNOWN_AQ,Air quality data (schema unclear),129.7,Kaggle: rajanbhateja/indian-cities-aqi-2020-2024,1827,9,N/A,N/A,N/A,1 unique,4.5,False,N/A,"PM2.5, PM10, NO2, NH3, SO2, O3",Timestamp | Location | PM2.5 | PM10 | NO2 | NH3 | SO2 | CO | O3,True,True,False,True,"['PM2.5', 'PM10', 'NO2', 'NH3', 'SO2', 'O3']",01-01-2020
aqi_india_38cols_knn_final.csv,./data/aqi_india_38cols_knn_final.csv,MULTI_CITY_HIST,Multi-city Historical AQI,173507.2,Unknown,842160,31,N/A,"29 unique (agartala, ahmedabad, aizawl, bengaluru...)",29 unique,N/A,0.0,True,N/A,"pm2_5_ugm3, pm10_ugm3, no2_ugm3, so2_ugm3, o3_ugm3, pm25_category_india",city | state | latitude | longitude | datetime | month | day_name | is_weekend | season | time_of_da,True,True,True,True,"['pm2_5_ugm3', 'pm10_ugm3', 'no2_ugm3', 'so2_ugm3', 'o3_ugm3', 'pm25_category_india']",2022-08-05 00:00:00
Hyderabad_AQIBulletins.csv,./data/Hyderabad_AQIBulletins.csv,AQI_BULLETIN,AQI Bulletin (daily city-level),155.6,CPCB AQI Bulletin,3132,6,N/A,1 unique (Hyderabad...),N/A,N/A,0.1,False,14 – 443 (mean 92),None detected,date | City | No. Stations | Air Quality | Index Value | Prominent Pollutant,True,False,True,True,[],2015-05-01
Kolar_AQIBulletins.csv,./data/Kolar_AQIBulletins.csv,AQI_BULLETIN,AQI Bulletin (daily city-level),19.1,CPCB AQI Bulletin,505,6,N/A,1 unique (Kolar...),N/A,N/A,0.0,False,19 – 196 (mean 80),None detected,date | City | No. Stations | Air Quality | Index Value | Prominent Pollutant,True,False,True,True,[],2021-01-13
Dhule_AQIBulletins.csv,./data/Dhule_AQIBulletins.csv,AQI_BULLETIN,AQI Bulletin (daily city-level),6.8,CPCB AQI Bulletin,179,6,N/A,1 unique (Dhule...),N/A,N/A,0.0,False,25 – 276 (mean 106),None detected,date | City | No. Stations | Air Quality | Index Value | Prominent Pollutant,True,False,True,True,[],2023-06-20
Parbhani_AQIBulletins.csv,./data/Parbhani_AQIBulletins.csv,AQI_BULLETIN,AQI Bulletin (daily city-level),7.0,CPCB AQI Bulletin,172,6,N/A,1 unique (Parbhani...),N/A,N/A,0.0,False,24 – 304 (mean 98),None detected,date | City | No. Stations | Air Quality | Index Value | Prominent Pollutant,True,False,True,True,[],2023-06-20
Maihar_AQIBulletins.csv,./data/Maihar_AQIBulletins.csv,AQI_BULLETIN,AQI Bulletin (daily city-level),48.8,CPCB AQI Bulletin,1304,6,N/A,1 unique (Maihar...),N/A,N/A,0.0,False,11 – 262 (mean 56),None detected,date | City | No. Stations | Air Quality | Index Value | Prominent Pollutant,True,False,True,True,[],2019-02-11
Ernakulam_AQIBulletins.csv,./data/Ernakulam_AQIBulletins.csv,AQI_BULLETIN,AQI Bulletin (daily city-level),33.8,CPCB AQI Bulletin,827,6,N/A,1 unique (Ernakulam...),N/A,N/A,0.0,False,23 – 247 (mean 68),None detected,date | City | No. Stations | Air Quality | Index Value | Prominent Pollutant,True,False,True,True,[],2020-02-05
Karauli_AQIBulletins.csv,./data/Karauli_AQIBulletins.csv,AQI_BULLETIN,AQI Bulletin (daily city-level),10.9,CPCB AQI Bulletin,273,6,N/A,1 unique (Karauli...),N/A,N/A,0.0,False,22 – 342 (mean 83),None detected,date | City | No. Stations | Air Quality | Index Value | Prominent Pollutant,True,False,True,True,[],2023-03-13
Rajamahendravaram_AQIBulletins.csv,./data/Rajamahendravaram_AQIBulletins.csv,AQI_BULLETIN,AQI Bulletin (daily city-level),109.0,CPCB AQI Bulletin,2211,6,N/A,1 unique (Rajamahendravaram...),N/A,N/A,0.0,False,13 – 308 (mean 84),None detected,date | City | No. Stations | Air Quality | Index Value | Prominent Pollutant,True,False,True,True,[],2017-09-13
Nagaon_AQIBulletins.csv,./data/Nagaon_AQIBulletins.csv,AQI_BULLETIN,AQI Bulletin (daily city-level),10.8,CPCB AQI Bulletin,280,6,N/A,1 unique (Nagaon...),N/A,N/A,0.0,False,25 – 386 (mean 119),None detected,date | City | No. Stations | Air Quality | Index Value | Prominent Pollutant,True,False,True,True,[],2023-02-08
Baghpat_AQIBulletins.csv,./data/Baghpat_AQIBulletins.csv,AQI_BULLETIN,AQI Bulletin (daily city-level),63.9,CPCB AQI Bulletin,1608,6,N/A,1 unique (Baghpat...),N/A,N/A,0.0,False,22 – 465 (mean 198),None detected,date | City | No. Stations | Air Quality | Index Value | Prominent Pollutant,True,False,True,True,[],2018-08-02
Bulandshahr_AQIBulletins.csv,./data/Bulandshahr_AQIBulletins.csv,AQI_BULLETIN,AQI Bulletin (daily city-level),83.0,CPCB AQI Bulletin,1918,6,N/A,1 unique (Bulandshahr...),N/A,N/A,0.0,False,17 – 500 (mean 187),None detected,date | City | No. Stations | Air Quality | Index Value | Prominent Pollutant,True,False,True,True,[],2018-05-26
Chittoor_AQIBulletins.csv,./data/Chittoor_AQIBulletins.csv,AQI_BULLETIN,AQI Bulletin (daily city-level),12.2,CPCB AQI Bulletin,306,6,N/A,1 unique (Chittoor...),N/A,N/A,0.0,False,21 – 348 (mean 68),None detected,date | City | No. Stations | Air Quality | Index Value | Prominent Pollutant,True,False,True,True,[],2022-11-22
Firozabad_AQIBulletins.csv,./data/Firozabad_AQIBulletins.csv,AQI_BULLETIN,AQI Bulletin (daily city-level),37.6,CPCB AQI Bulletin,860,6,N/A,1 unique (Firozabad...),N/A,N/A,0.0,False,17 – 489 (mean 116),None detected,date | City | No. Stations | Air Quality | Index Value | Prominent Pollutant,True,False,True,True,[],2021-07-19
Keonjhar_AQIBulletins.csv,./data/Keonjhar_AQIBulletins.csv,AQI_BULLETIN,AQI Bulletin (daily city-level),14.4,CPCB AQI Bulletin,350,6,N/A,1 unique (Keonjhar...),N/A,N/A,0.0,False,25 – 334 (mean 128),None detected,date | City | No. Stations | Air Quality | Index Value | Prominent Pollutant,True,False,True,True,[],2022-11-27
Chandigarh_AQIBulletins.csv,./data/Chandigarh_AQIBulletins.csv,AQI_BULLETIN,AQI Bulletin (daily city-level),71.2,CPCB AQI Bulletin,1558,6,N/A,1 unique (Chandigarh...),N/A,N/A,0.0,False,17 – 400 (mean 115),None detected,date | City | No. Stations | Air Quality | Index Value | Prominent Pollutant,True,False,True,True,[],2019-09-17
Katni_AQIBulletins.csv,./data/Katni_AQIBulletins.csv,AQI_BULLETIN,AQI Bulletin (daily city-level),56.0,CPCB AQI Bulletin,1494,6,N/A,1 unique (Katni...),N/A,N/A,0.0,False,21 – 350 (mean 145),None detected,date | City | No. Stations | Air Quality | Index Value | Prominent Pollutant,True,False,True,True,[],2019-09-23
Medikeri_AQIBulletins.csv,./data/Medikeri_AQIBulletins.csv,AQI_BULLETIN,AQI Bulletin (daily city-level),14.5,CPCB AQI Bulletin,384,6,N/A,1 unique (Medikeri...),N/A,N/A,0.0,False,14 – 163 (mean 47),None detected,date | City | No. Stations | Air Quality | Index Value | Prominent Pollutant,True,False,True,True,[],2020-11-09
Yamunanagar_AQIBulletins.csv,./data/Yamunanagar_AQIBulletins.csv,AQI_BULLETIN,AQI Bulletin (daily city-level),73.2,CPCB AQI Bulletin,1654,6,N/A,1 unique (Yamunanagar...),N/A,N/A,0.0,False,21 – 400 (mean 161),None detected,date | City | No. Stations | Air Quality | Index Value | Prominent Pollutant,True,False,True,True,[],2019-01-07
Ramanagara_AQIBulletins.csv,./data/Ramanagara_AQIBulletins.csv,AQI_BULLETIN,AQI Bulletin (daily city-level),56.6,CPCB AQI Bulletin,1369,6,N/A,1 unique (Ramanagara...),N/A,N/A,0.0,False,21 – 268 (mean 58),None detected,date | City | No. Stations | Air Quality | Index Value | Prominent Pollutant,True,False,True,True,[],2019-09-23
Bharatpur_AQIBulletins.csv,./data/Bharatpur_AQIBulletins.csv,AQI_BULLETIN,AQI Bulletin (daily city-level),13.0,CPCB AQI Bulletin,309,6,N/A,1 unique (Bharatpur...),N/A,N/A,0.0,False,25 – 396 (mean 156),None detected,date | City | No. Stations | Air Quality | Index Value | Prominent Pollutant,True,False,True,True,[],2023-02-02
Satna_AQIBulletins.csv,./data/Satna_AQIBulletins.csv,AQI_BULLETIN,AQI Bulletin (daily city-level),77.4,CPCB AQI Bulletin,1985,6,N/A,1 unique (Satna...),N/A,N/A,0.0,False,13 – 500 (mean 89),None detected,date | City | No. Stations | Air Quality | Index Value | Prominent Pollutant,True,False,True,True,[],2018-02-04
Chengalpattu_AQIBulletins.csv,./data/Chengalpattu_AQIBulletins.csv,AQI_BULLETIN,AQI Bulletin (daily city-level),6.2,CPCB AQI Bulletin,133,6,N/A,1 unique (Chengalpattu...),N/A,N/A,0.0,False,24 – 399 (mean 102),None detected,date | City | No. Stations | Air Quality | Index Value | Prominent Pollutant,True,False,True,True,[],2022-08-13
Chikkamagaluru_AQIBulletins.csv,./data/Chikkamagaluru_AQIBulletins.csv,AQI_BULLETIN,AQI Bulletin (daily city-level),53.7,CPCB AQI Bulletin,1208,6,N/A,1 unique (Chikkamagaluru...),N/A,N/A,0.0,False,18 – 189 (mean 47),None detected,date | City | No. Stations | Air Quality | Index Value | Prominent Pollutant,True,False,True,True,[],2020-02-03
Tumidih_AQIBulletins.csv,./data/Tumidih_AQIBulletins.csv,AQI_BULLETIN,AQI Bulletin (daily city-level),8.1,CPCB AQI Bulletin,205,6,N/A,1 unique (Tumidih...),N/A,N/A,0.0,False,17 – 237 (mean 81),None detected,date | City | No. Stations | Air Quality | Index Value | Prominent Pollutant,True,False,True,True,[],2023-03-13
Thiruvananthapuram_AQIBulletins.csv,./data/Thiruvananthapuram_AQIBulletins.csv,AQI_BULLETIN,AQI Bulletin (daily city-level),118.6,CPCB AQI Bulletin,2301,6,N/A,1 unique (Thiruvananthapuram...),N/A,N/A,0.0,False,12 – 223 (mean 59),None detected,date | City | No. Stations | Air Quality | Index Value | Prominent Pollutant,True,False,True,True,[],2017-07-13
Agra_AQIBulletins.csv,./data/Agra_AQIBulletins.csv,AQI_BULLETIN,AQI Bulletin (daily city-level),114.0,CPCB AQI Bulletin,2922,6,N/A,1 unique (Agra...),N/A,N/A,0.1,False,19 – 500 (mean 154),None detected,date | City | No. Stations | Air Quality | Index Value | Prominent Pollutant,True,False,True,True,[],2015-05-01
Karnal_AQIBulletins.csv,./data/Karnal_AQIBulletins.csv,AQI_BULLETIN,AQI Bulletin (daily city-level),65.6,CPCB AQI Bulletin,1670,6,N/A,1 unique (Karnal...),N/A,N/A,0.0,False,17 – 456 (mean 133),None detected,date | City | No. Stations | Air Quality | Index Value | Prominent Pollutant,True,False,True,True,[],2019-01-28
Bhagalpur_AQIBulletins.csv,./data/Bhagalpur_AQIBulletins.csv,AQI_BULLETIN,AQI Bulletin (daily city-level),32.8,CPCB AQI Bulletin,748,6,N/A,1 unique (Bhagalpur...),N/A,N/A,0.0,False,28 – 448 (mean 189),None detected,date | City | No. Stations | Air Quality | Index Value | Prominent Pollutant,True,False,True,True,[],2021-11-23
Meerut_AQIBulletins.csv,./data/Meerut_AQIBulletins.csv,AQI_BULLETIN,AQI Bulletin (daily city-level),64.3,CPCB AQI Bulletin,1550,6,N/A,1 unique (Meerut...),N/A,N/A,0.0,False,17 – 459 (mean 186),None detected,date | City | No. Stations | Air Quality | Index Value | Prominent Pollutant,True,False,True,True,[],2019-07-03
Chamarajanagar_AQIBulletins.csv,./data/Chamarajanagar_AQIBulletins.csv,AQI_BULLETIN,AQI Bulletin (daily city-level),43.9,CPCB AQI Bulletin,1023,6,N/A,1 unique (Chamarajanagar...),N/A,N/A,0.0,False,21 – 169 (mean 45),None detected,date | City | No. Stations | Air Quality | Index Value | Prominent Pollutant,True,False,True,True,[],2020-11-14
NehruNagar_Hourly.csv,./data/NehruNagar_Hourly.csv,UNKNOWN_AQ,Air quality data (schema unclear),1343.1,Unknown,11705,21,N/A,N/A,N/A,N/A,0.0,True,N/A,"PM2.5, PM10, NO2, SO2, Ozone, Benzene, NH3, NOx",Unnamed: 0 | PM2.5 | year | month | day | hour | PM10 | AT | BP | SR | RH | WS | WD | NO | NO2 | SO2,False,True,False,False,"['PM2.5', 'PM10', 'NO2', 'SO2', 'Ozone', 'Benzene', 'NH3', 'NOx']",
Sikar_AQIBulletins.csv,./data/Sikar_AQIBulletins.csv,AQI_BULLETIN,AQI Bulletin (daily city-level),10.9,CPCB AQI Bulletin,285,6,N/A,1 unique (Sikar...),N/A,N/A,0.0,False,31 – 452 (mean 135),None detected,date | City | No. Stations | Air Quality | Index Value | Prominent Pollutant,True,False,True,True,[],2023-03-13
Vellore_AQIBulletins.csv,./data/Vellore_AQIBulletins.csv,AQI_BULLETIN,AQI Bulletin (daily city-level),4.8,CPCB AQI Bulletin,117,6,N/A,1 unique (Vellore...),N/A,N/A,0.0,False,20 – 244 (mean 83),None detected,date | City | No. Stations | Air Quality | Index Value | Prominent Pollutant,True,False,True,True,[],2022-08-28
Purnia_AQIBulletins.csv,./data/Purnia_AQIBulletins.csv,AQI_BULLETIN,AQI Bulletin (daily city-level),24.3,CPCB AQI Bulletin,612,6,N/A,1 unique (Purnia...),N/A,N/A,0.0,False,44 – 460 (mean 195),None detected,date | City | No. Stations | Air Quality | Index Value | Prominent Pollutant,True,False,True,True,[],2021-11-23
Tonk_AQIBulletins.csv,./data/Tonk_AQIBulletins.csv,AQI_BULLETIN,AQI Bulletin (daily city-level),9.5,CPCB AQI Bulletin,255,6,N/A,1 unique (Tonk...),N/A,N/A,0.0,False,36 – 368 (mean 153),None detected,date | City | No. Stations | Air Quality | Index Value | Prominent Pollutant,True,False,True,True,[],2023-03-13
Ambala_AQIBulletins.csv,./data/Ambala_AQIBulletins.csv,AQI_BULLETIN,AQI Bulletin (daily city-level),66.3,CPCB AQI Bulletin,1679,6,N/A,1 unique (Ambala...),N/A,N/A,0.0,False,21 – 452 (mean 132),None detected,date | City | No. Stations | Air Quality | Index Value | Prominent Pollutant,True,False,True,True,[],2019-01-23
Sawai Madhopur_AQIBulletins.csv,./data/Sawai Madhopur_AQIBulletins.csv,AQI_BULLETIN,AQI Bulletin (daily city-level),12.3,CPCB AQI Bulletin,257,6,N/A,1 unique (Sawai Madhopur...),N/A,N/A,0.0,False,42 – 295 (mean 112),None detected,date | City | No. Stations | Air Quality | Index Value | Prominent Pollutant,True,False,True,True,[],2023-03-13
DwarkaSec8_Hourly.csv,./data/DwarkaSec8_Hourly.csv,UNKNOWN_AQ,Air quality data (schema unclear),1337.1,Unknown,11704,21,N/A,N/A,N/A,N/A,0.0,True,N/A,"PM2.5, PM10, NO2, SO2, Ozone, Benzene, NH3, NOx",Unnamed: 0 | PM2.5 | year | month | day | hour | PM10 | AT | BP | SR | RH | WS | WD | NO | NO2 | SO2,False,True,False,False,"['PM2.5', 'PM10', 'NO2', 'SO2', 'Ozone', 'Benzene', 'NH3', 'NOx']",
Lucknow_AQIBulletins.csv,./data/Lucknow_AQIBulletins.csv,AQI_BULLETIN,AQI Bulletin (daily city-level),134.3,CPCB AQI Bulletin,3056,6,N/A,1 unique (Lucknow...),N/A,N/A,0.1,False,32 – 494 (mean 181),None detected,date | City | No. Stations | Air Quality | Index Value | Prominent Pollutant,True,False,True,True,[],2015-05-02
Thrissur_AQIBulletins.csv,./data/Thrissur_AQIBulletins.csv,AQI_BULLETIN,AQI Bulletin (daily city-level),35.9,CPCB AQI Bulletin,861,6,N/A,1 unique (Thrissur...),N/A,N/A,0.0,False,28 – 181 (mean 72),None detected,date | City | No. Stations | Air Quality | Index Value | Prominent Pollutant,True,False,True,True,[],2020-10-13
Pithampur_AQIBulletins.csv,./data/Pithampur_AQIBulletins.csv,AQI_BULLETIN,AQI Bulletin (daily city-level),93.2,CPCB AQI Bulletin,2194,6,N/A,1 unique (Pithampur...),N/A,N/A,0.0,False,15 – 310 (mean 114),None detected,date | City | No. Stations | Air Quality | Index Value | Prominent Pollutant,True,False,True,True,[],2017-11-25
Ujjain_AQIBulletins.csv,./data/Ujjain_AQIBulletins.csv,AQI_BULLETIN,AQI Bulletin (daily city-level),82.4,CPCB AQI Bulletin,2097,6,N/A,1 unique (Ujjain...),N/A,N/A,0.0,False,25 – 500 (mean 133),None detected,date | City | No. Stations | Air Quality | Index Value | Prominent Pollutant,True,False,True,True,[],2017-11-25
Davanagere_AQIBulletins.csv,./data/Davanagere_AQIBulletins.csv,AQI_BULLETIN,AQI Bulletin (daily city-level),33.6,CPCB AQI Bulletin,808,6,N/A,1 unique (Davanagere...),N/A,N/A,0.0,False,8 – 233 (mean 56),None detected,date | City | No. Stations | Air Quality | Index Value | Prominent Pollutant,True,False,True,True,[],2021-02-03
Raichur_AQIBulletins.csv,./data/Raichur_AQIBulletins.csv,AQI_BULLETIN,AQI Bulletin (daily city-level),32.2,CPCB AQI Bulletin,801,6,N/A,1 unique (Raichur...),N/A,N/A,0.0,False,17 – 390 (mean 90),None detected,date | City | No. Stations | Air Quality | Index Value | Prominent Pollutant,True,False,True,True,[],2020-12-17
Kota_AQIBulletins.csv,./data/Kota_AQIBulletins.csv,AQI_BULLETIN,AQI Bulletin (daily city-level),82.7,CPCB AQI Bulletin,2172,6,N/A,1 unique (Kota...),N/A,N/A,0.0,False,25 – 375 (mean 121),None detected,date | City | No. Stations | Air Quality | Index Value | Prominent Pollutant,True,False,True,True,[],2017-10-24
Vatva_AQIBulletins.csv,./data/Vatva_AQIBulletins.csv,AQI_BULLETIN,AQI Bulletin (daily city-level),65.7,CPCB AQI Bulletin,1695,6,N/A,1 unique (Vatva...),N/A,N/A,0.0,False,34 – 380 (mean 127),None detected,date | City | No. Stations | Air Quality | Index Value | Prominent Pollutant,True,False,True,True,[],2019-02-06
Belapur_AQIBulletins.csv,./data/Belapur_AQIBulletins.csv,AQI_BULLETIN,AQI Bulletin (daily city-level),6.7,CPCB AQI Bulletin,172,6,N/A,1 unique (Belapur...),N/A,N/A,0.0,False,22 – 243 (mean 82),None detected,date | City | No. Stations | Air Quality | Index Value | Prominent Pollutant,True,False,True,True,[],2023-06-20
Rajgir_AQIBulletins.csv,./data/Rajgir_AQIBulletins.csv,AQI_BULLETIN,AQI Bulletin (daily city-level),23.3,CPCB AQI Bulletin,600,6,N/A,1 unique (Rajgir...),N/A,N/A,0.0,False,17 – 461 (mean 167),None detected,date | City | No. Stations | Air Quality | Index Value | Prominent Pollutant,True,False,True,True,[],2021-11-24
Jhalawar_AQIBulletins.csv,./data/Jhalawar_AQIBulletins.csv,AQI_BULLETIN,AQI Bulletin (daily city-level),11.8,CPCB AQI Bulletin,284,6,N/A,1 unique (Jhalawar...),N/A,N/A,0.0,False,29 – 337 (mean 105),None detected,date | City | No. Stations | Air Quality | Index Value | Prominent Pollutant,True,False,True,True,[],2023-03-13
Palwal_AQIBulletins.csv,./data/Palwal_AQIBulletins.csv,AQI_BULLETIN,AQI Bulletin (daily city-level),64.1,CPCB AQI Bulletin,1627,6,N/A,1 unique (Palwal...),N/A,N/A,0.0,False,17 – 465 (mean 125),None detected,date | City | No. Stations | Air Quality | Index Value | Prominent Pollutant,True,False,True,True,[],2019-01-09
Banswara_AQIBulletins.csv,./data/Banswara_AQIBulletins.csv,AQI_BULLETIN,AQI Bulletin (daily city-level),11.5,CPCB AQI Bulletin,275,6,N/A,1 unique (Banswara...),N/A,N/A,0.0,False,27 – 326 (mean 115),None detected,date | City | No. Stations | Air Quality | Index Value | Prominent Pollutant,True,False,True,True,[],2023-03-15
Bengaluru_AQIBulletins.csv,./data/Bengaluru_AQIBulletins.csv,AQI_BULLETIN,AQI Bulletin (daily city-level),159.0,CPCB AQI Bulletin,3120,6,N/A,1 unique (Bengaluru...),N/A,N/A,0.1,False,19 – 266 (mean 75),None detected,date | City | No. Stations | Air Quality | Index Value | Prominent Pollutant,True,False,True,True,[],2015-05-02
Aurangabad (Bihar)_AQIBulletins.csv,./data/Aurangabad (Bihar)_AQIBulletins.csv,AQI_BULLETIN,AQI Bulletin (daily city-level),22.3,CPCB AQI Bulletin,436,6,N/A,1 unique (Aurangabad (Bihar)...),N/A,N/A,0.0,False,28 – 406 (mean 154),None detected,date | City | No. Stations | Air Quality | Index Value | Prominent Pollutant,True,False,True,True,[],2022-05-06
AshokVihar_Hourly.csv,./data/AshokVihar_Hourly.csv,UNKNOWN_AQ,Air quality data (schema unclear),1321.9,Unknown,11705,21,N/A,N/A,N/A,N/A,0.0,True,N/A,"PM2.5, PM10, NO2, SO2, Ozone, Benzene, NH3, NOx",Unnamed: 0 | PM2.5 | year | month | day | hour | PM10 | AT | BP | SR | RH | WS | WD | NO | NO2 | SO2,False,True,False,False,"['PM2.5', 'PM10', 'NO2', 'SO2', 'Ozone', 'Benzene', 'NH3', 'NOx']",
Singrauli_AQIBulletins.csv,./data/Singrauli_AQIBulletins.csv,AQI_BULLETIN,AQI Bulletin (daily city-level),82.8,CPCB AQI Bulletin,1996,6,N/A,1 unique (Singrauli...),N/A,N/A,0.0,False,17 – 426 (mean 181),None detected,date | City | No. Stations | Air Quality | Index Value | Prominent Pollutant,True,False,True,True,[],2017-12-08
Samastipur_AQIBulletins.csv,./data/Samastipur_AQIBulletins.csv,AQI_BULLETIN,AQI Bulletin (daily city-level),22.1,CPCB AQI Bulletin,512,6,N/A,1 unique (Samastipur...),N/A,N/A,0.0,False,25 – 459 (mean 201),None detected,date | City | No. Stations | Air Quality | Index Value | Prominent Pollutant,True,False,True,True,[],2022-03-24
Vijayawada_AQIBulletins.csv,./data/Vijayawada_AQIBulletins.csv,AQI_BULLETIN,AQI Bulletin (daily city-level),40.5,CPCB AQI Bulletin,917,6,N/A,1 unique (Vijayawada...),N/A,N/A,0.0,False,19 – 500 (mean 74),None detected,date | City | No. Stations | Air Quality | Index Value | Prominent Pollutant,True,False,True,True,[],2017-05-03
Thoothukudi_AQIBulletins.csv,./data/Thoothukudi_AQIBulletins.csv,AQI_BULLETIN,AQI Bulletin (daily city-level),45.4,CPCB AQI Bulletin,1067,6,N/A,1 unique (Thoothukudi...),N/A,N/A,0.0,False,13 – 272 (mean 57),None detected,date | City | No. Stations | Air Quality | Index Value | Prominent Pollutant,True,False,True,True,[],2020-11-09
Cuttack_AQIBulletins.csv,./data/Cuttack_AQIBulletins.csv,AQI_BULLETIN,AQI Bulletin (daily city-level),2.4,CPCB AQI Bulletin,59,6,N/A,1 unique (Cuttack...),N/A,N/A,0.0,False,48 – 355 (mean 201),None detected,date | City | No. Stations | Air Quality | Index Value | Prominent Pollutant,True,False,True,True,[],2023-11-02
Sonipat_AQIBulletins.csv,./data/Sonipat_AQIBulletins.csv,AQI_BULLETIN,AQI Bulletin (daily city-level),58.2,CPCB AQI Bulletin,1458,6,N/A,1 unique (Sonipat...),N/A,N/A,0.0,False,30 – 455 (mean 167),None detected,date | City | No. Stations | Air Quality | Index Value | Prominent Pollutant,True,False,True,True,[],2019-01-09
Chhal_AQIBulletins.csv,./data/Chhal_AQIBulletins.csv,AQI_BULLETIN,AQI Bulletin (daily city-level),8.1,CPCB AQI Bulletin,214,6,N/A,1 unique (Chhal...),N/A,N/A,0.0,False,21 – 230 (mean 65),None detected,date | City | No. Stations | Air Quality | Index Value | Prominent Pollutant,True,False,True,True,[],2023-03-13
Hapur_AQIBulletins.csv,./data/Hapur_AQIBulletins.csv,AQI_BULLETIN,AQI Bulletin (daily city-level),63.0,CPCB AQI Bulletin,1670,6,N/A,1 unique (Hapur...),N/A,N/A,0.0,False,13 – 477 (mean 162),None detected,date | City | No. Stations | Air Quality | Index Value | Prominent Pollutant,True,False,True,True,[],2018-10-23
Darbhanga_AQIBulletins.csv,./data/Darbhanga_AQIBulletins.csv,AQI_BULLETIN,AQI Bulletin (daily city-level),17.1,CPCB AQI Bulletin,407,6,N/A,1 unique (Darbhanga...),N/A,N/A,0.0,False,17 – 473 (mean 208),None detected,date | City | No. Stations | Air Quality | Index Value | Prominent Pollutant,True,False,True,True,[],2021-07-18
Karwar_AQIBulletins.csv,./data/Karwar_AQIBulletins.csv,AQI_BULLETIN,AQI Bulletin (daily city-level),0.5,CPCB AQI Bulletin,11,6,N/A,1 unique (Karwar...),N/A,N/A,0.0,False,66 – 222 (mean 127),None detected,date | City | No. Stations | Air Quality | Index Value | Prominent Pollutant,True,False,True,True,[],2023-12-21
Manesar_AQIBulletins.csv,./data/Manesar_AQIBulletins.csv,AQI_BULLETIN,AQI Bulletin (daily city-level),66.8,CPCB AQI Bulletin,1657,6,N/A,1 unique (Manesar...),N/A,N/A,0.0,False,23 – 486 (mean 173),None detected,date | City | No. Stations | Air Quality | Index Value | Prominent Pollutant,True,False,True,True,[],2018-12-12
Nalbari_AQIBulletins.csv,./data/Nalbari_AQIBulletins.csv,AQI_BULLETIN,AQI Bulletin (daily city-level),13.8,CPCB AQI Bulletin,348,6,N/A,1 unique (Nalbari...),N/A,N/A,0.0,False,20 – 344 (mean 150),None detected,date | City | No. Stations | Air Quality | Index Value | Prominent Pollutant,True,False,True,True,[],2022-11-24
Dhanbad_AQIBulletins.csv,./data/Dhanbad_AQIBulletins.csv,AQI_BULLETIN,AQI Bulletin (daily city-level),8.4,CPCB AQI Bulletin,214,6,N/A,1 unique (Dhanbad...),N/A,N/A,0.0,False,76 – 383 (mean 186),None detected,date | City | No. Stations | Air Quality | Index Value | Prominent Pollutant,True,False,True,True,[],2023-02-28
Rourkela_AQIBulletins.csv,./data/Rourkela_AQIBulletins.csv,AQI_BULLETIN,AQI Bulletin (daily city-level),16.5,CPCB AQI Bulletin,389,6,N/A,1 unique (Rourkela...),N/A,N/A,0.0,False,22 – 322 (mean 136),None detected,date | City | No. Stations | Air Quality | Index Value | Prominent Pollutant,True,False,True,True,[],2022-11-27
Bileipada_AQIBulletins.csv,./data/Bileipada_AQIBulletins.csv,AQI_BULLETIN,AQI Bulletin (daily city-level),15.3,CPCB AQI Bulletin,365,6,N/A,1 unique (Bileipada...),N/A,N/A,0.0,False,35 – 384 (mean 157),None detected,date | City | No. Stations | Air Quality | Index Value | Prominent Pollutant,True,False,True,True,[],2022-11-27
Bundi_AQIBulletins.csv,./data/Bundi_AQIBulletins.csv,AQI_BULLETIN,AQI Bulletin (daily city-level),7.5,CPCB AQI Bulletin,197,6,N/A,1 unique (Bundi...),N/A,N/A,0.0,False,39 – 353 (mean 144),None detected,date | City | No. Stations | Air Quality | Index Value | Prominent Pollutant,True,False,True,True,[],2023-05-16
Guwahati_AQIBulletins.csv,./data/Guwahati_AQIBulletins.csv,AQI_BULLETIN,AQI Bulletin (daily city-level),73.3,CPCB AQI Bulletin,1744,6,N/A,1 unique (Guwahati...),N/A,N/A,0.0,False,10 – 415 (mean 121),None detected,date | City | No. Stations | Air Quality | Index Value | Prominent Pollutant,True,False,True,True,[],2019-02-19
Sirohi_AQIBulletins.csv,./data/Sirohi_AQIBulletins.csv,AQI_BULLETIN,AQI Bulletin (daily city-level),8.7,CPCB AQI Bulletin,219,6,N/A,1 unique (Sirohi...),N/A,N/A,0.0,False,24 – 237 (mean 92),None detected,date | City | No. Stations | Air Quality | Index Value | Prominent Pollutant,True,False,True,True,[],2023-03-13
Bettiah_AQIBulletins.csv,./data/Bettiah_AQIBulletins.csv,AQI_BULLETIN,AQI Bulletin (daily city-level),22.9,CPCB AQI Bulletin,573,6,N/A,1 unique (Bettiah...),N/A,N/A,0.0,False,18 – 470 (mean 191),None detected,date | City | No. Stations | Air Quality | Index Value | Prominent Pollutant,True,False,True,True,[],2021-07-18
Shillong_AQIBulletins.csv,./data/Shillong_AQIBulletins.csv,AQI_BULLETIN,AQI Bulletin (daily city-level),44.7,CPCB AQI Bulletin,1138,6,N/A,1 unique (Shillong...),N/A,N/A,0.0,False,7 – 484 (mean 47),None detected,date | City | No. Stations | Air Quality | Index Value | Prominent Pollutant,True,False,True,True,[],2019-09-17
Haveri_AQIBulletins.csv,./data/Haveri_AQIBulletins.csv,AQI_BULLETIN,AQI Bulletin (daily city-level),20.0,CPCB AQI Bulletin,529,6,N/A,1 unique (Haveri...),N/A,N/A,0.0,False,15 – 262 (mean 69),None detected,date | City | No. Stations | Air Quality | Index Value | Prominent Pollutant,True,False,True,True,[],2022-04-12
Varanasi_AQIBulletins.csv,./data/Varanasi_AQIBulletins.csv,AQI_BULLETIN,AQI Bulletin (daily city-level),120.2,CPCB AQI Bulletin,2872,6,N/A,1 unique (Varanasi...),N/A,N/A,0.1,False,16 – 500 (mean 164),None detected,date | City | No. Stations | Air Quality | Index Value | Prominent Pollutant,True,False,True,True,[],2015-05-01
Jalore_AQIBulletins.csv,./data/Jalore_AQIBulletins.csv,AQI_BULLETIN,AQI Bulletin (daily city-level),1.8,CPCB AQI Bulletin,47,6,N/A,1 unique (Jalore...),N/A,N/A,0.0,False,89 – 293 (mean 188),None detected,date | City | No. Stations | Air Quality | Index Value | Prominent Pollutant,True,False,True,True,[],2023-11-14
Dausa_AQIBulletins.csv,./data/Dausa_AQIBulletins.csv,AQI_BULLETIN,AQI Bulletin (daily city-level),10.9,CPCB AQI Bulletin,283,6,N/A,1 unique (Dausa...),N/A,N/A,0.0,False,37 – 379 (mean 152),None detected,date | City | No. Stations | Air Quality | Index Value | Prominent Pollutant,True,False,True,True,[],2023-03-13
Kashipur_AQIBulletins.csv,./data/Kashipur_AQIBulletins.csv,AQI_BULLETIN,AQI Bulletin (daily city-level),9.3,CPCB AQI Bulletin,223,6,N/A,1 unique (Kashipur...),N/A,N/A,0.0,False,20 – 240 (mean 92),None detected,date | City | No. Stations | Air Quality | Index Value | Prominent Pollutant,True,False,True,True,[],2023-02-14
Gwalior_AQIBulletins.csv,./data/Gwalior_AQIBulletins.csv,AQI_BULLETIN,AQI Bulletin (daily city-level),57.2,CPCB AQI Bulletin,1380,6,N/A,1 unique (Gwalior...),N/A,N/A,0.0,False,21 – 419 (mean 146),None detected,date | City | No. Stations | Air Quality | Index Value | Prominent Pollutant,True,False,True,True,[],2020-02-03
INDIA_AQI_COMPLETE_20251126.csv,./data/INDIA_AQI_COMPLETE_20251126.csv,MULTI_CITY_HIST,Multi-city Historical AQI,276003.5,Unknown,842160,71,N/A,"29 unique (Agartala, Ahmedabad, Aizawl, Bengaluru...)",29 unique,N/A,11.3,True,N/A,"PM2_5_ugm3, PM10_ugm3, NO2_ugm3, SO2_ugm3, O3_ugm3, NH3_ugm3, US_AQI_PM25, US_AQI_PM10, US_AQI_NO2, US_AQI_O3, EU_AQI_PM25, EU_AQI_PM10, PM25_Category_India",City | State | Latitude | Longitude | Datetime | Year | Month | Day | Hour | Day_of_Week | Day_Name ,True,True,True,True,"['PM2_5_ugm3', 'PM10_ugm3', 'NO2_ugm3', 'SO2_ugm3', 'O3_ugm3', 'NH3_ugm3', 'US_AQI_PM25', 'US_AQI_PM",2022-08-05 00:00:00
Jalna_AQIBulletins.csv,./data/Jalna_AQIBulletins.csv,AQI_BULLETIN,AQI Bulletin (daily city-level),6.3,CPCB AQI Bulletin,164,6,N/A,1 unique (Jalna...),N/A,N/A,0.0,False,24 – 298 (mean 97),None detected,date | City | No. Stations | Air Quality | Index Value | Prominent Pollutant,True,False,True,True,[],2023-06-13
Bahadurgarh_AQIBulletins.csv,./data/Bahadurgarh_AQIBulletins.csv,AQI_BULLETIN,AQI Bulletin (daily city-level),74.9,CPCB AQI Bulletin,1699,6,N/A,1 unique (Bahadurgarh...),N/A,N/A,0.0,False,26 – 476 (mean 165),None detected,date | City | No. Stations | Air Quality | Index Value | Prominent Pollutant,True,False,True,True,[],2019-01-07
Bhubaneswar_AQIBulletins.csv,./data/Bhubaneswar_AQIBulletins.csv,AQI_BULLETIN,AQI Bulletin (daily city-level),2.7,CPCB AQI Bulletin,59,6,N/A,1 unique (Bhubaneswar...),N/A,N/A,0.0,False,52 – 380 (mean 200),None detected,date | City | No. Stations | Air Quality | Index Value | Prominent Pollutant,True,False,True,True,[],2023-11-02
Puducherry_AQIBulletins.csv,./data/Puducherry_AQIBulletins.csv,AQI_BULLETIN,AQI Bulletin (daily city-level),42.5,CPCB AQI Bulletin,1028,6,N/A,1 unique (Puducherry...),N/A,N/A,0.0,False,17 – 274 (mean 57),None detected,date | City | No. Stations | Air Quality | Index Value | Prominent Pollutant,True,False,True,True,[],2021-01-13
Amaravati_AQIBulletins.csv,./data/Amaravati_AQIBulletins.csv,AQI_BULLETIN,AQI Bulletin (daily city-level),82.7,CPCB AQI Bulletin,2030,6,N/A,1 unique (Amaravati...),N/A,N/A,0.0,False,17 – 307 (mean 77),None detected,date | City | No. Stations | Air Quality | Index Value | Prominent Pollutant,True,False,True,True,[],2017-12-01
Dholpur_AQIBulletins.csv,./data/Dholpur_AQIBulletins.csv,AQI_BULLETIN,AQI Bulletin (daily city-level),9.5,CPCB AQI Bulletin,234,6,N/A,1 unique (Dholpur...),N/A,N/A,0.0,False,26 – 417 (mean 142),None detected,date | City | No. Stations | Air Quality | Index Value | Prominent Pollutant,True,False,True,True,[],2023-03-13
Kolhapur_AQIBulletins.csv,./data/Kolhapur_AQIBulletins.csv,AQI_BULLETIN,AQI Bulletin (daily city-level),10.1,CPCB AQI Bulletin,240,6,N/A,1 unique (Kolhapur...),N/A,N/A,0.0,False,20 – 338 (mean 84),None detected,date | City | No. Stations | Air Quality | Index Value | Prominent Pollutant,True,False,True,True,[],2023-04-25
Muzaffarnagar_AQIBulletins.csv,./data/Muzaffarnagar_AQIBulletins.csv,AQI_BULLETIN,AQI Bulletin (daily city-level),78.7,CPCB AQI Bulletin,1716,6,N/A,1 unique (Muzaffarnagar...),N/A,N/A,0.0,False,30 – 446 (mean 184),None detected,date | City | No. Stations | Air Quality | Index Value | Prominent Pollutant,True,False,True,True,[],2018-06-29
Okhla_Hourly.csv,./data/Okhla_Hourly.csv,UNKNOWN_AQ,Air quality data (schema unclear),1325.7,Unknown,11705,21,N/A,N/A,N/A,N/A,0.0,True,N/A,"PM2.5, PM10, NO2, SO2, Ozone, Benzene, NH3, NOx",Unnamed: 0 | PM2.5 | year | month | day | hour | PM10 | AT | BP | SR | RH | WS | WD | NO | NO2 | SO2,False,True,False,False,"['PM2.5', 'PM10', 'NO2', 'SO2', 'Ozone', 'Benzene', 'NH3', 'NOx']",
Chennai_AQIBulletins.csv,./data/Chennai_AQIBulletins.csv,AQI_BULLETIN,AQI Bulletin (daily city-level),143.6,CPCB AQI Bulletin,3074,6,N/A,1 unique (Chennai...),N/A,N/A,0.1,False,28 – 399 (mean 87),None detected,date | City | No. Stations | Air Quality | Index Value | Prominent Pollutant,True,False,True,True,[],2015-05-01
Jaisalmer_AQIBulletins.csv,./data/Jaisalmer_AQIBulletins.csv,AQI_BULLETIN,AQI Bulletin (daily city-level),9.4,CPCB AQI Bulletin,219,6,N/A,1 unique (Jaisalmer...),N/A,N/A,0.0,False,34 – 370 (mean 135),None detected,date | City | No. Stations | Air Quality | Index Value | Prominent Pollutant,True,False,True,True,[],2023-05-16
Sirsa_AQIBulletins.csv,./data/Sirsa_AQIBulletins.csv,AQI_BULLETIN,AQI Bulletin (daily city-level),63.4,CPCB AQI Bulletin,1651,6,N/A,1 unique (Sirsa...),N/A,N/A,0.0,False,25 – 462 (mean 133),None detected,date | City | No. Stations | Air Quality | Index Value | Prominent Pollutant,True,False,True,True,[],2019-01-28
Jind_AQIBulletins.csv,./data/Jind_AQIBulletins.csv,AQI_BULLETIN,AQI Bulletin (daily city-level),61.4,CPCB AQI Bulletin,1642,6,N/A,1 unique (Jind...),N/A,N/A,0.0,False,26 – 491 (mean 164),None detected,date | City | No. Stations | Air Quality | Index Value | Prominent Pollutant,True,False,True,True,[],2019-02-05
Damoh_AQIBulletins.csv,./data/Damoh_AQIBulletins.csv,AQI_BULLETIN,AQI Bulletin (daily city-level),55.0,CPCB AQI Bulletin,1479,6,N/A,1 unique (Damoh...),N/A,N/A,0.0,False,14 – 329 (mean 73),None detected,date | City | No. Stations | Air Quality | Index Value | Prominent Pollutant,True,False,True,True,[],2019-01-08
Bhiwadi_AQIBulletins.csv,./data/Bhiwadi_AQIBulletins.csv,AQI_BULLETIN,AQI Bulletin (daily city-level),82.1,CPCB AQI Bulletin,2063,6,N/A,1 unique (Bhiwadi...),N/A,N/A,0.0,False,28 – 483 (mean 216),None detected,date | City | No. Stations | Air Quality | Index Value | Prominent Pollutant,True,False,True,True,[],2017-10-16
Chandrapur_AQIBulletins.csv,./data/Chandrapur_AQIBulletins.csv,AQI_BULLETIN,AQI Bulletin (daily city-level),130.7,CPCB AQI Bulletin,2851,6,N/A,1 unique (Chandrapur...),N/A,N/A,0.0,False,14 – 500 (mean 107),None detected,date | City | No. Stations | Air Quality | Index Value | Prominent Pollutant,True,False,True,True,[],2015-08-20
Ludhiana_AQIBulletins.csv,./data/Ludhiana_AQIBulletins.csv,AQI_BULLETIN,AQI Bulletin (daily city-level),95.8,CPCB AQI Bulletin,2298,6,N/A,1 unique (Ludhiana...),N/A,N/A,0.0,False,19 – 488 (mean 122),None detected,date | City | No. Stations | Air Quality | Index Value | Prominent Pollutant,True,False,True,True,[],2017-04-20
Amritsar_AQIBulletins.csv,./data/Amritsar_AQIBulletins.csv,AQI_BULLETIN,AQI Bulletin (daily city-level),93.7,CPCB AQI Bulletin,2248,6,N/A,1 unique (Amritsar...),N/A,N/A,0.0,False,18 – 464 (mean 117),None detected,date | City | No. Stations | Air Quality | Index Value | Prominent Pollutant,True,False,True,True,[],2017-03-07
Mahad_AQIBulletins.csv,./data/Mahad_AQIBulletins.csv,AQI_BULLETIN,AQI Bulletin (daily city-level),6.5,CPCB AQI Bulletin,172,6,N/A,1 unique (Mahad...),N/A,N/A,0.0,False,19 – 242 (mean 84),None detected,date | City | No. Stations | Air Quality | Index Value | Prominent Pollutant,True,False,True,True,[],2023-06-27
Talcher_AQIBulletins.csv,./data/Talcher_AQIBulletins.csv,AQI_BULLETIN,AQI Bulletin (daily city-level),65.8,CPCB AQI Bulletin,1649,6,N/A,1 unique (Talcher...),N/A,N/A,0.0,False,19 – 414 (mean 131),None detected,date | City | No. Stations | Air Quality | Index Value | Prominent Pollutant,True,False,True,True,[],2018-02-08
Ramanathapuram_AQIBulletins.csv,./data/Ramanathapuram_AQIBulletins.csv,AQI_BULLETIN,AQI Bulletin (daily city-level),20.1,CPCB AQI Bulletin,448,6,N/A,1 unique (Ramanathapuram...),N/A,N/A,0.0,False,14 – 246 (mean 52),None detected,date | City | No. Stations | Air Quality | Index Value | Prominent Pollutant,True,False,True,True,[],2022-08-09
Angul_AQIBulletins.csv,./data/Angul_AQIBulletins.csv,AQI_BULLETIN,AQI Bulletin (daily city-level),2.4,CPCB AQI Bulletin,62,6,N/A,1 unique (Angul...),N/A,N/A,0.0,False,59 – 370 (mean 238),None detected,date | City | No. Stations | Air Quality | Index Value | Prominent Pollutant,True,False,True,True,[],2023-10-26
Muzaffarpur_AQIBulletins.csv,./data/Muzaffarpur_AQIBulletins.csv,AQI_BULLETIN,AQI Bulletin (daily city-level),120.7,CPCB AQI Bulletin,2627,6,N/A,1 unique (Muzaffarpur...),N/A,N/A,0.0,False,16 – 500 (mean 194),None detected,date | City | No. Stations | Air Quality | Index Value | Prominent Pollutant,True,False,True,True,[],2015-09-29
Barbil_AQIBulletins.csv,./data/Barbil_AQIBulletins.csv,AQI_BULLETIN,AQI Bulletin (daily city-level),2.3,CPCB AQI Bulletin,57,6,N/A,1 unique (Barbil...),N/A,N/A,0.0,False,47 – 286 (mean 162),None detected,date | City | No. Stations | Air Quality | Index Value | Prominent Pollutant,True,False,True,True,[],2023-11-03
Ratlam_AQIBulletins.csv,./data/Ratlam_AQIBulletins.csv,AQI_BULLETIN,AQI Bulletin (daily city-level),61.5,CPCB AQI Bulletin,1560,6,N/A,1 unique (Ratlam...),N/A,N/A,0.0,False,9 – 302 (mean 101),None detected,date | City | No. Stations | Air Quality | Index Value | Prominent Pollutant,True,False,True,True,[],2019-01-03
Arrah_AQIBulletins.csv,./data/Arrah_AQIBulletins.csv,AQI_BULLETIN,AQI Bulletin (daily city-level),23.9,CPCB AQI Bulletin,628,6,N/A,1 unique (Arrah...),N/A,N/A,0.0,False,28 – 420 (mean 177),None detected,date | City | No. Stations | Air Quality | Index Value | Prominent Pollutant,True,False,True,True,[],2021-12-17
Araria_AQIBulletins.csv,./data/Araria_AQIBulletins.csv,AQI_BULLETIN,AQI Bulletin (daily city-level),23.1,CPCB AQI Bulletin,596,6,N/A,1 unique (Araria...),N/A,N/A,0.0,False,28 – 387 (mean 176),None detected,date | City | No. Stations | Air Quality | Index Value | Prominent Pollutant,True,False,True,True,[],2021-12-17
Najafgarh_Hourly.csv,./data/Najafgarh_Hourly.csv,UNKNOWN_AQ,Air quality data (schema unclear),1329.1,Unknown,11704,21,N/A,N/A,N/A,N/A,0.0,True,N/A,"PM2.5, PM10, NO2, SO2, Ozone, Benzene, NH3, NOx",Unnamed: 0 | PM2.5 | year | month | day | hour | PM10 | AT | BP | SR | RH | WS | WD | NO | NO2 | SO2,False,True,False,False,"['PM2.5', 'PM10', 'NO2', 'SO2', 'Ozone', 'Benzene', 'NH3', 'NOx']",
Byasanagar_AQIBulletins.csv,./data/Byasanagar_AQIBulletins.csv,AQI_BULLETIN,AQI Bulletin (daily city-level),2.5,CPCB AQI Bulletin,56,6,N/A,1 unique (Byasanagar...),N/A,N/A,0.0,False,58 – 311 (mean 151),None detected,date | City | No. Stations | Air Quality | Index Value | Prominent Pollutant,True,False,True,True,[],2023-11-02
Tumakuru_AQIBulletins.csv,./data/Tumakuru_AQIBulletins.csv,AQI_BULLETIN,AQI Bulletin (daily city-level),8.2,CPCB AQI Bulletin,198,6,N/A,1 unique (Tumakuru...),N/A,N/A,0.0,False,19 – 254 (mean 96),None detected,date | City | No. Stations | Air Quality | Index Value | Prominent Pollutant,True,False,True,True,[],2023-04-02
Kannur_AQIBulletins.csv,./data/Kannur_AQIBulletins.csv,AQI_BULLETIN,AQI Bulletin (daily city-level),49.7,CPCB AQI Bulletin,1236,6,N/A,1 unique (Kannur...),N/A,N/A,0.0,False,15 – 258 (mean 66),None detected,date | City | No. Stations | Air Quality | Index Value | Prominent Pollutant,True,False,True,True,[],2020-02-11
delhi_ncr_aqi_dataset.csv,./data/delhi_ncr_aqi_dataset.csv,REALTIME_WIDE,"Real-time Snapshot (wide, AQI + pollutants)",31991.8,Kaggle: vishardmehta/delhi-pollution-aqi-dataset,201664,25,N/A,"5 unique (Delhi, Noida, Gurugram, Faridabad...)",N/A,23 unique,0.0,True,25 – 500 (mean 266),"pm25, pm10, no2, so2, o3",datetime | date | year | month | day | hour | day_of_week | is_weekend | season | city | station | l,True,True,True,True,"['pm25', 'pm10', 'no2', 'so2', 'o3']",2020-01-01 06:00:00
Bhopal_AQIBulletins.csv,./data/Bhopal_AQIBulletins.csv,AQI_BULLETIN,AQI Bulletin (daily city-level),60.2,CPCB AQI Bulletin,1523,6,N/A,1 unique (Bhopal...),N/A,N/A,0.0,False,25 – 392 (mean 122),None detected,date | City | No. Stations | Air Quality | Index Value | Prominent Pollutant,True,False,True,True,[],2019-09-23
Chittorgarh_AQIBulletins.csv,./data/Chittorgarh_AQIBulletins.csv,AQI_BULLETIN,AQI Bulletin (daily city-level),11.1,CPCB AQI Bulletin,249,6,N/A,1 unique (Chittorgarh...),N/A,N/A,0.0,False,31 – 339 (mean 127),None detected,date | City | No. Stations | Air Quality | Index Value | Prominent Pollutant,True,False,True,True,[],2023-03-14
Hassan_AQIBulletins.csv,./data/Hassan_AQIBulletins.csv,AQI_BULLETIN,AQI Bulletin (daily city-level),30.9,CPCB AQI Bulletin,789,6,N/A,1 unique (Hassan...),N/A,N/A,0.0,False,14 – 190 (mean 64),None detected,date | City | No. Stations | Air Quality | Index Value | Prominent Pollutant,True,False,True,True,[],2021-03-27
Kanchipuram_AQIBulletins.csv,./data/Kanchipuram_AQIBulletins.csv,AQI_BULLETIN,AQI Bulletin (daily city-level),11.0,CPCB AQI Bulletin,251,6,N/A,1 unique (Kanchipuram...),N/A,N/A,0.0,False,13 – 320 (mean 59),None detected,date | City | No. Stations | Air Quality | Index Value | Prominent Pollutant,True,False,True,True,[],2022-10-27
Pali_AQIBulletins.csv,./data/Pali_AQIBulletins.csv,AQI_BULLETIN,AQI Bulletin (daily city-level),81.5,CPCB AQI Bulletin,2130,6,N/A,1 unique (Pali...),N/A,N/A,0.0,False,35 – 453 (mean 122),None detected,date | City | No. Stations | Air Quality | Index Value | Prominent Pollutant,True,False,True,True,[],2017-10-24
Jaipur_AQIBulletins.csv,./data/Jaipur_AQIBulletins.csv,AQI_BULLETIN,AQI Bulletin (daily city-level),118.2,CPCB AQI Bulletin,2720,6,N/A,1 unique (Jaipur...),N/A,N/A,0.0,False,30 – 450 (mean 136),None detected,date | City | No. Stations | Air Quality | Index Value | Prominent Pollutant,True,False,True,True,[],2015-11-27
Kollam_AQIBulletins.csv,./data/Kollam_AQIBulletins.csv,AQI_BULLETIN,AQI Bulletin (daily city-level),46.1,CPCB AQI Bulletin,1134,6,N/A,1 unique (Kollam...),N/A,N/A,0.0,False,30 – 272 (mean 83),None detected,date | City | No. Stations | Air Quality | Index Value | Prominent Pollutant,True,False,True,True,[],2020-03-03
Vijayapura_AQIBulletins.csv,./data/Vijayapura_AQIBulletins.csv,AQI_BULLETIN,AQI Bulletin (daily city-level),49.6,CPCB AQI Bulletin,1205,6,N/A,1 unique (Vijayapura...),N/A,N/A,0.0,False,9 – 169 (mean 54),None detected,date | City | No. Stations | Air Quality | Index Value | Prominent Pollutant,True,False,True,True,[],2020-01-21
Balasore_AQIBulletins.csv,./data/Balasore_AQIBulletins.csv,AQI_BULLETIN,AQI Bulletin (daily city-level),2.8,CPCB AQI Bulletin,66,6,N/A,1 unique (Balasore...),N/A,N/A,0.0,False,38 – 357 (mean 188),None detected,date | City | No. Stations | Air Quality | Index Value | Prominent Pollutant,True,False,True,True,[],2023-10-24
Imphal_AQIBulletins.csv,./data/Imphal_AQIBulletins.csv,AQI_BULLETIN,AQI Bulletin (daily city-level),19.8,CPCB AQI Bulletin,450,6,N/A,1 unique (Imphal...),N/A,N/A,0.0,False,32 – 294 (mean 95),None detected,date | City | No. Stations | Air Quality | Index Value | Prominent Pollutant,True,False,True,True,[],2022-04-19
Rairangpur_AQIBulletins.csv,./data/Rairangpur_AQIBulletins.csv,AQI_BULLETIN,AQI Bulletin (daily city-level),13.8,CPCB AQI Bulletin,321,6,N/A,1 unique (Rairangpur...),N/A,N/A,0.0,False,27 – 320 (mean 137),None detected,date | City | No. Stations | Air Quality | Index Value | Prominent Pollutant,True,False,True,True,[],2022-11-27
Shivamogga_AQIBulletins.csv,./data/Shivamogga_AQIBulletins.csv,AQI_BULLETIN,AQI Bulletin (daily city-level),44.7,CPCB AQI Bulletin,1062,6,N/A,1 unique (Shivamogga...),N/A,N/A,0.0,False,25 – 202 (mean 56),None detected,date | City | No. Stations | Air Quality | Index Value | Prominent Pollutant,True,False,True,True,[],2020-11-10
Khurja_AQIBulletins.csv,./data/Khurja_AQIBulletins.csv,AQI_BULLETIN,AQI Bulletin (daily city-level),20.5,CPCB AQI Bulletin,511,6,N/A,1 unique (Khurja...),N/A,N/A,0.0,False,19 – 346 (mean 126),None detected,date | City | No. Stations | Air Quality | Index Value | Prominent Pollutant,True,False,True,True,[],2022-06-03
Solapur_AQIBulletins.csv,./data/Solapur_AQIBulletins.csv,AQI_BULLETIN,AQI Bulletin (daily city-level),93.2,CPCB AQI Bulletin,2306,6,N/A,1 unique (Solapur...),N/A,N/A,0.0,False,27 – 255 (mean 100),None detected,date | City | No. Stations | Air Quality | Index Value | Prominent Pollutant,True,False,True,True,[],2016-01-12
DCStadium_Hourly.csv,./data/DCStadium_Hourly.csv,UNKNOWN_AQ,Air quality data (schema unclear),1334.8,Unknown,11704,21,N/A,N/A,N/A,N/A,0.0,True,N/A,"PM2.5, PM10, NO2, SO2, Ozone, Benzene, NH3, NOx",Unnamed: 0 | PM2.5 | year | month | day | hour | PM10 | AT | BP | SR | RH | WS | WD | NO | NO2 | SO2,False,True,False,False,"['PM2.5', 'PM10', 'NO2', 'SO2', 'Ozone', 'Benzene', 'NH3', 'NOx']",
Noida_AQIBulletins.csv,./data/Noida_AQIBulletins.csv,AQI_BULLETIN,AQI Bulletin (daily city-level),98.3,CPCB AQI Bulletin,2406,6,N/A,1 unique (Noida...),N/A,N/A,0.0,False,30 – 500 (mean 206),None detected,date | City | No. Stations | Air Quality | Index Value | Prominent Pollutant,True,False,True,True,[],2017-05-04
Ooty_AQIBulletins.csv,./data/Ooty_AQIBulletins.csv,AQI_BULLETIN,AQI Bulletin (daily city-level),14.4,CPCB AQI Bulletin,397,6,N/A,1 unique (Ooty...),N/A,N/A,0.0,False,16 – 142 (mean 58),None detected,date | City | No. Stations | Air Quality | Index Value | Prominent Pollutant,True,False,True,True,[],2022-08-27
Mumbai_AQIBulletins.csv,./data/Mumbai_AQIBulletins.csv,AQI_BULLETIN,AQI Bulletin (daily city-level),127.7,CPCB AQI Bulletin,2884,6,N/A,1 unique (Mumbai...),N/A,N/A,0.0,False,23 – 500 (mean 108),None detected,date | City | No. Stations | Air Quality | Index Value | Prominent Pollutant,True,False,True,True,[],2015-08-20
Manguraha_AQIBulletins.csv,./data/Manguraha_AQIBulletins.csv,AQI_BULLETIN,AQI Bulletin (daily city-level),17.3,CPCB AQI Bulletin,421,6,N/A,1 unique (Manguraha...),N/A,N/A,0.0,False,11 – 332 (mean 103),None detected,date | City | No. Stations | Air Quality | Index Value | Prominent Pollutant,True,False,True,True,[],2022-01-02
Yadgir_AQIBulletins.csv,./data/Yadgir_AQIBulletins.csv,AQI_BULLETIN,AQI Bulletin (daily city-level),49.0,CPCB AQI Bulletin,1270,6,N/A,1 unique (Yadgir...),N/A,N/A,0.0,False,13 – 223 (mean 67),None detected,date | City | No. Stations | Air Quality | Index Value | Prominent Pollutant,True,False,True,True,[],2019-09-23
Ghaziabad_AQIBulletins.csv,./data/Ghaziabad_AQIBulletins.csv,AQI_BULLETIN,AQI Bulletin (daily city-level),106.2,CPCB AQI Bulletin,2418,6,N/A,1 unique (Ghaziabad...),N/A,N/A,0.0,False,14 – 500 (mean 222),None detected,date | City | No. Stations | Air Quality | Index Value | Prominent Pollutant,True,False,True,True,[],2017-05-03
Patiala_AQIBulletins.csv,./data/Patiala_AQIBulletins.csv,AQI_BULLETIN,AQI Bulletin (daily city-level),84.0,CPCB AQI Bulletin,2095,6,N/A,1 unique (Patiala...),N/A,N/A,0.0,False,16 – 415 (mean 104),None detected,date | City | No. Stations | Air Quality | Index Value | Prominent Pollutant,True,False,True,True,[],2018-02-08
Kozhikode_AQIBulletins.csv,./data/Kozhikode_AQIBulletins.csv,AQI_BULLETIN,AQI Bulletin (daily city-level),41.8,CPCB AQI Bulletin,998,6,N/A,1 unique (Kozhikode...),N/A,N/A,0.0,False,7 – 417 (mean 58),None detected,date | City | No. Stations | Air Quality | Index Value | Prominent Pollutant,True,False,True,True,[],2020-02-05
Indore_AQIBulletins.csv,./data/Indore_AQIBulletins.csv,AQI_BULLETIN,AQI Bulletin (daily city-level),60.5,CPCB AQI Bulletin,1530,6,N/A,1 unique (Indore...),N/A,N/A,0.0,False,30 – 295 (mean 113),None detected,date | City | No. Stations | Air Quality | Index Value | Prominent Pollutant,True,False,True,True,[],2019-09-23
Bareilly_AQIBulletins.csv,./data/Bareilly_AQIBulletins.csv,AQI_BULLETIN,AQI Bulletin (daily city-level),23.5,CPCB AQI Bulletin,553,6,N/A,1 unique (Bareilly...),N/A,N/A,0.0,False,18 – 266 (mean 91),None detected,date | City | No. Stations | Air Quality | Index Value | Prominent Pollutant,True,False,True,True,[],2022-06-03
Mandideep_AQIBulletins.csv,./data/Mandideep_AQIBulletins.csv,AQI_BULLETIN,AQI Bulletin (daily city-level),87.2,CPCB AQI Bulletin,2094,6,N/A,1 unique (Mandideep...),N/A,N/A,0.0,False,20 – 361 (mean 117),None detected,date | City | No. Stations | Air Quality | Index Value | Prominent Pollutant,True,False,True,True,[],2018-01-02
Jalandhar_AQIBulletins.csv,./data/Jalandhar_AQIBulletins.csv,AQI_BULLETIN,AQI Bulletin (daily city-level),89.5,CPCB AQI Bulletin,2098,6,N/A,1 unique (Jalandhar...),N/A,N/A,0.0,False,24 – 377 (mean 112),None detected,date | City | No. Stations | Air Quality | Index Value | Prominent Pollutant,True,False,True,True,[],2018-02-08
Delhi_AQIBulletins.csv,./data/Delhi_AQIBulletins.csv,AQI_BULLETIN,AQI Bulletin (daily city-level),140.9,CPCB AQI Bulletin,3143,6,N/A,1 unique (Delhi...),N/A,N/A,0.1,False,41 – 497 (mean 217),None detected,date | City | No. Stations | Air Quality | Index Value | Prominent Pollutant,True,False,True,True,[],2015-05-01
Chikkaballapur_AQIBulletins.csv,./data/Chikkaballapur_AQIBulletins.csv,AQI_BULLETIN,AQI Bulletin (daily city-level),83.2,CPCB AQI Bulletin,1804,6,N/A,1 unique (Chikkaballapur...),N/A,N/A,0.0,False,19 – 207 (mean 67),None detected,date | City | No. Stations | Air Quality | Index Value | Prominent Pollutant,True,False,True,True,[],2018-07-05
Hisar_AQIBulletins.csv,./data/Hisar_AQIBulletins.csv,AQI_BULLETIN,AQI Bulletin (daily city-level),60.5,CPCB AQI Bulletin,1581,6,N/A,1 unique (Hisar...),N/A,N/A,0.0,False,24 – 490 (mean 172),None detected,date | City | No. Stations | Air Quality | Index Value | Prominent Pollutant,True,False,True,True,[],2019-01-28
Loni_Dehat_AQIBulletins.csv,./data/Loni_Dehat_AQIBulletins.csv,AQI_BULLETIN,AQI Bulletin (daily city-level),8.3,CPCB AQI Bulletin,193,6,N/A,1 unique (Loni_Dehat...),N/A,N/A,0.0,False,51 – 462 (mean 198),None detected,date | City | No. Stations | Air Quality | Index Value | Prominent Pollutant,True,False,True,True,[],2019-03-06
kaggle-2015-o-2020.csv,./data/kaggle-2015-o-2020.csv,REALTIME_WIDE,"Real-time Snapshot (wide, AQI + pollutants)",2513.7,Kaggle: rohanrao/air-quality-data-in-india (2015–2020),29531,16,N/A,"26 unique (Ahmedabad, Aizawl, Amaravati, Amritsar...)",N/A,N/A,18.7,False,13 – 500 (mean 153),"PM2.5, PM10, NO2, NOx, NH3, SO2, O3, Benzene, Toluene, Xylene",City | Date | PM2.5 | PM10 | NO | NO2 | NOx | NH3 | CO | SO2 | O3 | Benzene | Toluene | Xylene | AQI,True,True,True,True,"['PM2.5', 'PM10', 'NO2', 'NOx', 'NH3', 'SO2', 'O3', 'Benzene', 'Toluene']",2015-01-01
Salem_AQIBulletins.csv,./data/Salem_AQIBulletins.csv,AQI_BULLETIN,AQI Bulletin (daily city-level),9.4,CPCB AQI Bulletin,242,6,N/A,1 unique (Salem...),N/A,N/A,0.0,False,22 – 188 (mean 76),None detected,date | City | No. Stations | Air Quality | Index Value | Prominent Pollutant,True,False,True,True,[],2022-09-03
Howrah_AQIBulletins.csv,./data/Howrah_AQIBulletins.csv,AQI_BULLETIN,AQI Bulletin (daily city-level),100.6,CPCB AQI Bulletin,2423,6,N/A,1 unique (Howrah...),N/A,N/A,0.0,False,17 – 451 (mean 128),None detected,date | City | No. Stations | Air Quality | Index Value | Prominent Pollutant,True,False,True,True,[],2016-07-05
Bikaner_AQIBulletins.csv,./data/Bikaner_AQIBulletins.csv,AQI_BULLETIN,AQI Bulletin (daily city-level),11.4,CPCB AQI Bulletin,285,6,N/A,1 unique (Bikaner...),N/A,N/A,0.0,False,27 – 395 (mean 164),None detected,date | City | No. Stations | Air Quality | Index Value | Prominent Pollutant,True,False,True,True,[],2023-03-13
Latur_AQIBulletins.csv,./data/Latur_AQIBulletins.csv,AQI_BULLETIN,AQI Bulletin (daily city-level),7.3,CPCB AQI Bulletin,192,6,N/A,1 unique (Latur...),N/A,N/A,0.0,False,21 – 231 (mean 76),None detected,date | City | No. Stations | Air Quality | Index Value | Prominent Pollutant,True,False,True,True,[],2023-05-23
Surat_AQIBulletins.csv,./data/Surat_AQIBulletins.csv,AQI_BULLETIN,AQI Bulletin (daily city-level),12.4,CPCB AQI Bulletin,327,6,N/A,1 unique (Surat...),N/A,N/A,0.0,False,12 – 384 (mean 157),None detected,date | City | No. Stations | Air Quality | Index Value | Prominent Pollutant,True,False,True,True,[],2022-11-04
Srinagar_AQIBulletins.csv,./data/Srinagar_AQIBulletins.csv,AQI_BULLETIN,AQI Bulletin (daily city-level),33.5,CPCB AQI Bulletin,822,6,N/A,1 unique (Srinagar...),N/A,N/A,0.0,False,18 – 326 (mean 81),None detected,date | City | No. Stations | Air Quality | Index Value | Prominent Pollutant,True,False,True,True,[],2021-02-10
Bathinda_AQIBulletins.csv,./data/Bathinda_AQIBulletins.csv,AQI_BULLETIN,AQI Bulletin (daily city-level),72.5,CPCB AQI Bulletin,1754,6,N/A,1 unique (Bathinda...),N/A,N/A,0.0,False,20 – 405 (mean 110),None detected,date | City | No. Stations | Air Quality | Index Value | Prominent Pollutant,True,False,True,True,[],2018-06-08
Ankleshwar_AQIBulletins.csv,./data/Ankleshwar_AQIBulletins.csv,AQI_BULLETIN,AQI Bulletin (daily city-level),65.1,CPCB AQI Bulletin,1502,6,N/A,1 unique (Ankleshwar...),N/A,N/A,0.0,False,35 – 372 (mean 129),None detected,date | City | No. Stations | Air Quality | Index Value | Prominent Pollutant,True,False,True,True,[],2019-02-05
Sri Ganganagar_AQIBulletins.csv,./data/Sri Ganganagar_AQIBulletins.csv,AQI_BULLETIN,AQI Bulletin (daily city-level),12.8,CPCB AQI Bulletin,275,6,N/A,1 unique (Sri Ganganagar...),N/A,N/A,0.0,False,50 – 441 (mean 192),None detected,date | City | No. Stations | Air Quality | Index Value | Prominent Pollutant,True,False,True,True,[],2023-03-13
Gadag_AQIBulletins.csv,./data/Gadag_AQIBulletins.csv,AQI_BULLETIN,AQI Bulletin (daily city-level),26.8,CPCB AQI Bulletin,743,6,N/A,1 unique (Gadag...),N/A,N/A,0.0,False,9 – 500 (mean 55),None detected,date | City | No. Stations | Air Quality | Index Value | Prominent Pollutant,True,False,True,True,[],2021-01-04
Suakati_AQIBulletins.csv,./data/Suakati_AQIBulletins.csv,AQI_BULLETIN,AQI Bulletin (daily city-level),14.6,CPCB AQI Bulletin,364,6,N/A,1 unique (Suakati...),N/A,N/A,0.0,False,34 – 309 (mean 126),None detected,date | City | No. Stations | Air Quality | Index Value | Prominent Pollutant,True,False,True,True,[],2022-11-27
Data Export.csv,./data/Data Export.csv,LONG_FORMAT,Long Format (1 row/pollutant),371.7,Unknown,3327,11,N/A,"255 unique (Buxar, Chhapra, Gaya, Rajamahendravaram, Tirupati...)",32 unique,500 unique,1.5,False,N/A,None detected,country | state | city | station | last_update | latitude | longitude | pollutant_id | pollutant_min,True,False,False,True,[],14-02-2025 17:00:00
Kolkata_AQIBulletins.csv,./data/Kolkata_AQIBulletins.csv,AQI_BULLETIN,AQI Bulletin (daily city-level),109.1,CPCB AQI Bulletin,2510,6,N/A,1 unique (Kolkata...),N/A,N/A,0.0,False,22 – 419 (mean 116),None detected,date | City | No. Stations | Air Quality | Index Value | Prominent Pollutant,True,False,True,True,[],2016-07-05
Hajipur_AQIBulletins.csv,./data/Hajipur_AQIBulletins.csv,AQI_BULLETIN,AQI Bulletin (daily city-level),50.2,CPCB AQI Bulletin,1268,6,N/A,1 unique (Hajipur...),N/A,N/A,0.0,False,15 – 391 (mean 142),None detected,date | City | No. Stations | Air Quality | Index Value | Prominent Pollutant,True,False,True,True,[],2020-03-04
Vrindavan_AQIBulletins.csv,./data/Vrindavan_AQIBulletins.csv,AQI_BULLETIN,AQI Bulletin (daily city-level),34.4,CPCB AQI Bulletin,833,6,N/A,1 unique (Vrindavan...),N/A,N/A,0.0,False,13 – 475 (mean 118),None detected,date | City | No. Stations | Air Quality | Index Value | Prominent Pollutant,True,False,True,True,[],2021-08-03
Bidar_AQIBulletins.csv,./data/Bidar_AQIBulletins.csv,AQI_BULLETIN,AQI Bulletin (daily city-level),20.2,CPCB AQI Bulletin,531,6,N/A,1 unique (Bidar...),N/A,N/A,0.0,False,17 – 437 (mean 83),None detected,date | City | No. Stations | Air Quality | Index Value | Prominent Pollutant,True,False,True,True,[],2021-01-04
Mandikhera_AQIBulletins.csv,./data/Mandikhera_AQIBulletins.csv,AQI_BULLETIN,AQI Bulletin (daily city-level),70.3,CPCB AQI Bulletin,1622,6,N/A,1 unique (Mandikhera...),N/A,N/A,0.0,False,20 – 460 (mean 108),None detected,date | City | No. Stations | Air Quality | Index Value | Prominent Pollutant,True,False,True,True,[],2019-02-05
Bhilai_AQIBulletins.csv,./data/Bhilai_AQIBulletins.csv,AQI_BULLETIN,AQI Bulletin (daily city-level),18.3,CPCB AQI Bulletin,445,6,N/A,1 unique (Bhilai...),N/A,N/A,0.0,False,16 – 266 (mean 69),None detected,date | City | No. Stations | Air Quality | Index Value | Prominent Pollutant,True,False,True,True,[],2021-11-18
Buxar_AQIBulletins.csv,./data/Buxar_AQIBulletins.csv,AQI_BULLETIN,AQI Bulletin (daily city-level),10.4,CPCB AQI Bulletin,275,6,N/A,1 unique (Buxar...),N/A,N/A,0.0,False,47 – 454 (mean 214),None detected,date | City | No. Stations | Air Quality | Index Value | Prominent Pollutant,True,False,True,True,[],2021-12-01
Silchar_AQIBulletins.csv,./data/Silchar_AQIBulletins.csv,AQI_BULLETIN,AQI Bulletin (daily city-level),9.8,CPCB AQI Bulletin,282,6,N/A,1 unique (Silchar...),N/A,N/A,0.0,False,3 – 89 (mean 37),None detected,date | City | No. Stations | Air Quality | Index Value | Prominent Pollutant,True,False,True,True,[],2023-03-13
Greater Noida_AQIBulletins.csv,./data/Greater Noida_AQIBulletins.csv,AQI_BULLETIN,AQI Bulletin (daily city-level),95.7,CPCB AQI Bulletin,2034,6,N/A,1 unique (Greater Noida...),N/A,N/A,0.0,False,23 – 500 (mean 211),None detected,date | City | No. Stations | Air Quality | Index Value | Prominent Pollutant,True,False,True,True,[],2018-05-26
Dehradun_AQIBulletins.csv,./data/Dehradun_AQIBulletins.csv,AQI_BULLETIN,AQI Bulletin (daily city-level),18.5,CPCB AQI Bulletin,450,6,N/A,1 unique (Dehradun...),N/A,N/A,0.0,False,18 – 296 (mean 91),None detected,date | City | No. Stations | Air Quality | Index Value | Prominent Pollutant,True,False,True,True,[],2022-04-23
Churu_AQIBulletins.csv,./data/Churu_AQIBulletins.csv,AQI_BULLETIN,AQI Bulletin (daily city-level),9.9,CPCB AQI Bulletin,256,6,N/A,1 unique (Churu...),N/A,N/A,0.0,False,32 – 452 (mean 130),None detected,date | City | No. Stations | Air Quality | Index Value | Prominent Pollutant,True,False,True,True,[],2023-03-13
Udaipur_AQIBulletins.csv,./data/Udaipur_AQIBulletins.csv,AQI_BULLETIN,AQI Bulletin (daily city-level),88.2,CPCB AQI Bulletin,2151,6,N/A,1 unique (Udaipur...),N/A,N/A,0.0,False,25 – 348 (mean 112),None detected,date | City | No. Stations | Air Quality | Index Value | Prominent Pollutant,True,False,True,True,[],2017-11-04
Rajsamand_AQIBulletins.csv,./data/Rajsamand_AQIBulletins.csv,AQI_BULLETIN,AQI Bulletin (daily city-level),11.6,CPCB AQI Bulletin,270,6,N/A,1 unique (Rajsamand...),N/A,N/A,0.0,False,34 – 309 (mean 101),None detected,date | City | No. Stations | Air Quality | Index Value | Prominent Pollutant,True,False,True,True,[],2023-03-14
Siliguri_AQIBulletins.csv,./data/Siliguri_AQIBulletins.csv,AQI_BULLETIN,AQI Bulletin (daily city-level),76.9,CPCB AQI Bulletin,1905,6,N/A,1 unique (Siliguri...),N/A,N/A,0.0,False,20 – 415 (mean 107),None detected,date | City | No. Stations | Air Quality | Index Value | Prominent Pollutant,True,False,True,True,[],2018-02-08
Nashik_AQIBulletins.csv,./data/Nashik_AQIBulletins.csv,AQI_BULLETIN,AQI Bulletin (daily city-level),93.6,CPCB AQI Bulletin,2412,6,N/A,1 unique (Nashik...),N/A,N/A,0.0,False,19 – 300 (mean 92),None detected,date | City | No. Stations | Air Quality | Index Value | Prominent Pollutant,True,False,True,True,[],2016-05-19
Jorapokhar_AQIBulletins.csv,./data/Jorapokhar_AQIBulletins.csv,AQI_BULLETIN,AQI Bulletin (daily city-level),41.9,CPCB AQI Bulletin,972,6,N/A,1 unique (Jorapokhar...),N/A,N/A,0.0,False,18 – 438 (mean 137),None detected,date | City | No. Stations | Air Quality | Index Value | Prominent Pollutant,True,False,True,True,[],2017-05-20
Ballabgarh_AQIBulletins.csv,./data/Ballabgarh_AQIBulletins.csv,AQI_BULLETIN,AQI Bulletin (daily city-level),71.8,CPCB AQI Bulletin,1673,6,N/A,1 unique (Ballabgarh...),N/A,N/A,0.0,False,29 – 467 (mean 170),None detected,date | City | No. Stations | Air Quality | Index Value | Prominent Pollutant,True,False,True,True,[],2019-01-29
Nagpur_AQIBulletins.csv,./data/Nagpur_AQIBulletins.csv,AQI_BULLETIN,AQI Bulletin (daily city-level),89.6,CPCB AQI Bulletin,2280,6,N/A,1 unique (Nagpur...),N/A,N/A,0.0,False,17 – 342 (mean 106),None detected,date | City | No. Stations | Air Quality | Index Value | Prominent Pollutant,True,False,True,True,[],2016-04-05
Jharsuguda_AQIBulletins.csv,./data/Jharsuguda_AQIBulletins.csv,AQI_BULLETIN,AQI Bulletin (daily city-level),0.1,CPCB AQI Bulletin,1,6,N/A,1 unique (Jharsuguda...),N/A,N/A,0.0,False,282 – 282 (mean 282),None detected,date | City | No. Stations | Air Quality | Index Value | Prominent Pollutant,True,False,True,True,[],2018-02-04
Coimbatore_AQIBulletins.csv,./data/Coimbatore_AQIBulletins.csv,AQI_BULLETIN,AQI Bulletin (daily city-level),36.2,CPCB AQI Bulletin,841,6,N/A,1 unique (Coimbatore...),N/A,N/A,0.0,False,18 – 343 (mean 69),None detected,date | City | No. Stations | Air Quality | Index Value | Prominent Pollutant,True,False,True,True,[],2019-06-14
Koppal_AQIBulletins.csv,./data/Koppal_AQIBulletins.csv,AQI_BULLETIN,AQI Bulletin (daily city-level),34.3,CPCB AQI Bulletin,884,6,N/A,1 unique (Koppal...),N/A,N/A,0.0,False,19 – 384 (mean 72),None detected,date | City | No. Stations | Air Quality | Index Value | Prominent Pollutant,True,False,True,True,[],2020-12-20
Jhansi_AQIBulletins.csv,./data/Jhansi_AQIBulletins.csv,AQI_BULLETIN,AQI Bulletin (daily city-level),24.5,CPCB AQI Bulletin,620,6,N/A,1 unique (Jhansi...),N/A,N/A,0.0,False,21 – 277 (mean 110),None detected,date | City | No. Stations | Air Quality | Index Value | Prominent Pollutant,True,False,True,True,[],2022-02-05
Patna_AQIBulletins.csv,./data/Patna_AQIBulletins.csv,AQI_BULLETIN,AQI Bulletin (daily city-level),109.5,CPCB AQI Bulletin,2590,6,N/A,1 unique (Patna...),N/A,N/A,0.0,False,30 – 488 (mean 190),None detected,date | City | No. Stations | Air Quality | Index Value | Prominent Pollutant,True,False,True,True,[],2015-09-18
Kurukshetra_AQIBulletins.csv,./data/Kurukshetra_AQIBulletins.csv,AQI_BULLETIN,AQI Bulletin (daily city-level),76.4,CPCB AQI Bulletin,1740,6,N/A,1 unique (Kurukshetra...),N/A,N/A,0.0,False,15 – 449 (mean 146),None detected,date | City | No. Stations | Air Quality | Index Value | Prominent Pollutant,True,False,True,True,[],2019-01-09
Baran_AQIBulletins.csv,./data/Baran_AQIBulletins.csv,AQI_BULLETIN,AQI Bulletin (daily city-level),7.3,CPCB AQI Bulletin,188,6,N/A,1 unique (Baran...),N/A,N/A,0.0,False,35 – 322 (mean 127),None detected,date | City | No. Stations | Air Quality | Index Value | Prominent Pollutant,True,False,True,True,[],2023-06-20
Kalyan_AQIBulletins.csv,./data/Kalyan_AQIBulletins.csv,AQI_BULLETIN,AQI Bulletin (daily city-level),52.4,CPCB AQI Bulletin,1352,6,N/A,1 unique (Kalyan...),N/A,N/A,0.0,False,14 – 414 (mean 124),None detected,date | City | No. Stations | Air Quality | Index Value | Prominent Pollutant,True,False,True,True,[],2019-06-27
Gaya_AQIBulletins.csv,./data/Gaya_AQIBulletins.csv,AQI_BULLETIN,AQI Bulletin (daily city-level),97.6,CPCB AQI Bulletin,2477,6,N/A,1 unique (Gaya...),N/A,N/A,0.0,False,19 – 479 (mean 152),None detected,date | City | No. Stations | Air Quality | Index Value | Prominent Pollutant,True,False,True,True,[],2015-12-28
Gurugram_AQIBulletins.csv,./data/Gurugram_AQIBulletins.csv,AQI_BULLETIN,AQI Bulletin (daily city-level),115.5,CPCB AQI Bulletin,2657,6,N/A,1 unique (Gurugram...),N/A,N/A,0.0,False,25 – 494 (mean 199),None detected,date | City | No. Stations | Air Quality | Index Value | Prominent Pollutant,True,False,True,True,[],2015-12-15
Rishikesh_AQIBulletins.csv,./data/Rishikesh_AQIBulletins.csv,AQI_BULLETIN,AQI Bulletin (daily city-level),12.3,CPCB AQI Bulletin,303,6,N/A,1 unique (Rishikesh...),N/A,N/A,0.0,False,20 – 158 (mean 53),None detected,date | City | No. Stations | Air Quality | Index Value | Prominent Pollutant,True,False,True,True,[],2023-02-10
Ajmer_AQIBulletins.csv,./data/Ajmer_AQIBulletins.csv,AQI_BULLETIN,AQI Bulletin (daily city-level),83.7,CPCB AQI Bulletin,2121,6,N/A,1 unique (Ajmer...),N/A,N/A,0.0,False,31 – 357 (mean 103),None detected,date | City | No. Stations | Air Quality | Index Value | Prominent Pollutant,True,False,True,True,[],2017-10-26
Dharwad_AQIBulletins.csv,./data/Dharwad_AQIBulletins.csv,AQI_BULLETIN,AQI Bulletin (daily city-level),9.4,CPCB AQI Bulletin,229,6,N/A,1 unique (Dharwad...),N/A,N/A,0.0,False,23 – 218 (mean 75),None detected,date | City | No. Stations | Air Quality | Index Value | Prominent Pollutant,True,False,True,True,[],2022-11-22
Jhunjhunu_AQIBulletins.csv,./data/Jhunjhunu_AQIBulletins.csv,AQI_BULLETIN,AQI Bulletin (daily city-level),11.7,CPCB AQI Bulletin,284,6,N/A,1 unique (Jhunjhunu...),N/A,N/A,0.0,False,36 – 422 (mean 168),None detected,date | City | No. Stations | Air Quality | Index Value | Prominent Pollutant,True,False,True,True,[],2023-03-13
Mandi Gobindgarh_AQIBulletins.csv,./data/Mandi Gobindgarh_AQIBulletins.csv,AQI_BULLETIN,AQI Bulletin (daily city-level),108.0,CPCB AQI Bulletin,2215,6,N/A,1 unique (Mandi Gobindgarh...),N/A,N/A,0.0,False,19 – 500 (mean 142),None detected,date | City | No. Stations | Air Quality | Index Value | Prominent Pollutant,True,False,True,True,[],2017-03-22
Alwar_AQIBulletins.csv,./data/Alwar_AQIBulletins.csv,AQI_BULLETIN,AQI Bulletin (daily city-level),84.7,CPCB AQI Bulletin,2121,6,N/A,1 unique (Alwar...),N/A,N/A,0.0,False,28 – 355 (mean 96),None detected,date | City | No. Stations | Air Quality | Index Value | Prominent Pollutant,True,False,True,True,[],2017-10-19
air-quality-india.csv,./data/air-quality-india.csv,UNKNOWN_AQ,Air quality data (schema unclear),1394.8,Kaggle: fedesoriano/air-quality-data-in-india,36192,6,N/A,N/A,N/A,N/A,0.0,False,N/A,PM2.5,Timestamp | Year | Month | Day | Hour | PM2.5,True,True,False,False,['PM2.5'],2017-11-07 12:00:00
Charkhi Dadri_AQIBulletins.csv,./data/Charkhi Dadri_AQIBulletins.csv,AQI_BULLETIN,AQI Bulletin (daily city-level),53.5,CPCB AQI Bulletin,1163,6,N/A,1 unique (Charkhi Dadri...),N/A,N/A,0.0,False,21 – 470 (mean 167),None detected,date | City | No. Stations | Air Quality | Index Value | Prominent Pollutant,True,False,True,True,[],2020-04-23
Udupi_AQIBulletins.csv,./data/Udupi_AQIBulletins.csv,AQI_BULLETIN,AQI Bulletin (daily city-level),14.8,CPCB AQI Bulletin,398,6,N/A,1 unique (Udupi...),N/A,N/A,0.0,False,26 – 500 (mean 98),None detected,date | City | No. Stations | Air Quality | Index Value | Prominent Pollutant,True,False,True,True,[],2021-02-11
Rohtak_AQIBulletins.csv,./data/Rohtak_AQIBulletins.csv,AQI_BULLETIN,AQI Bulletin (daily city-level),93.7,CPCB AQI Bulletin,2388,6,N/A,1 unique (Rohtak...),N/A,N/A,0.0,False,26 – 498 (mean 158),None detected,date | City | No. Stations | Air Quality | Index Value | Prominent Pollutant,True,False,True,True,[],2016-01-16
Loni_Ghaziabad_AQIBulletins.csv,./data/Loni_Ghaziabad_AQIBulletins.csv,AQI_BULLETIN,AQI Bulletin (daily city-level),0.2,CPCB AQI Bulletin,2,6,N/A,1 unique (Loni_Ghaziabad...),N/A,N/A,0.0,False,315 – 358 (mean 336),None detected,date | City | No. Stations | Air Quality | Index Value | Prominent Pollutant,True,False,True,True,[],2019-10-16
data_aqi_cpcb.csv,./data/data_aqi_cpcb.csv,IRRELEVANT,No air quality data detected,482.5,Unknown,31,6011,N/A,N/A,N/A,N/A,91.6,False,N/A,None detected,City/0/Station/0/Pollutant_Index/0/_id | City/0/Station/0/Pollutant_Index/0/_Min | City/0/Station/0/,True,False,False,True,[],20-11-2023 12:00:00
Sasaram_AQIBulletins.csv,./data/Sasaram_AQIBulletins.csv,AQI_BULLETIN,AQI Bulletin (daily city-level),24.1,CPCB AQI Bulletin,605,6,N/A,1 unique (Sasaram...),N/A,N/A,0.0,False,19 – 401 (mean 169),None detected,date | City | No. Stations | Air Quality | Index Value | Prominent Pollutant,True,False,True,True,[],2021-11-13
Nagaur_AQIBulletins.csv,./data/Nagaur_AQIBulletins.csv,AQI_BULLETIN,AQI Bulletin (daily city-level),7.9,CPCB AQI Bulletin,199,6,N/A,1 unique (Nagaur...),N/A,N/A,0.0,False,33 – 348 (mean 133),None detected,date | City | No. Stations | Air Quality | Index Value | Prominent Pollutant,True,False,True,True,[],2023-06-08
Sangli_AQIBulletins.csv,./data/Sangli_AQIBulletins.csv,AQI_BULLETIN,AQI Bulletin (daily city-level),7.2,CPCB AQI Bulletin,195,6,N/A,1 unique (Sangli...),N/A,N/A,0.0,False,18 – 232 (mean 68),None detected,date | City | No. Stations | Air Quality | Index Value | Prominent Pollutant,True,False,True,True,[],2023-06-13
Munger_AQIBulletins.csv,./data/Munger_AQIBulletins.csv,AQI_BULLETIN,AQI Bulletin (daily city-level),24.4,CPCB AQI Bulletin,628,6,N/A,1 unique (Munger...),N/A,N/A,0.0,False,19 – 445 (mean 206),None detected,date | City | No. Stations | Air Quality | Index Value | Prominent Pollutant,True,False,True,True,[],2021-11-13
Jodhpur_AQIBulletins.csv,./data/Jodhpur_AQIBulletins.csv,AQI_BULLETIN,AQI Bulletin (daily city-level),110.1,CPCB AQI Bulletin,2736,6,N/A,1 unique (Jodhpur...),N/A,N/A,0.0,False,31 – 436 (mean 167),None detected,date | City | No. Stations | Air Quality | Index Value | Prominent Pollutant,True,False,True,True,[],2015-12-04
Baddi_AQIBulletins.csv,./data/Baddi_AQIBulletins.csv,AQI_BULLETIN,AQI Bulletin (daily city-level),23.1,CPCB AQI Bulletin,609,6,N/A,1 unique (Baddi...),N/A,N/A,0.0,False,24 – 402 (mean 157),None detected,date | City | No. Stations | Air Quality | Index Value | Prominent Pollutant,True,False,True,True,[],2022-03-12
Barrackpore_AQIBulletins.csv,./data/Barrackpore_AQIBulletins.csv,AQI_BULLETIN,AQI Bulletin (daily city-level),1.2,CPCB AQI Bulletin,27,6,N/A,1 unique (Barrackpore...),N/A,N/A,0.0,False,32 – 320 (mean 215),None detected,date | City | No. Stations | Air Quality | Index Value | Prominent Pollutant,True,False,True,True,[],2023-12-02
Tensa_AQIBulletins.csv,./data/Tensa_AQIBulletins.csv,AQI_BULLETIN,AQI Bulletin (daily city-level),11.6,CPCB AQI Bulletin,303,6,N/A,1 unique (Tensa...),N/A,N/A,0.0,False,22 – 337 (mean 94),None detected,date | City | No. Stations | Air Quality | Index Value | Prominent Pollutant,True,False,True,True,[],2022-11-27
Byrnihat_AQIBulletins.csv,./data/Byrnihat_AQIBulletins.csv,AQI_BULLETIN,AQI Bulletin (daily city-level),11.5,CPCB AQI Bulletin,281,6,N/A,1 unique (Byrnihat...),N/A,N/A,0.0,False,49 – 442 (mean 249),None detected,date | City | No. Stations | Air Quality | Index Value | Prominent Pollutant,True,False,True,True,[],2022-12-24
Dharuhera_AQIBulletins.csv,./data/Dharuhera_AQIBulletins.csv,AQI_BULLETIN,AQI Bulletin (daily city-level),62.8,CPCB AQI Bulletin,1507,6,N/A,1 unique (Dharuhera...),N/A,N/A,0.0,False,30 – 491 (mean 182),None detected,date | City | No. Stations | Air Quality | Index Value | Prominent Pollutant,True,False,True,True,[],2019-01-22
Dindigul_AQIBulletins.csv,./data/Dindigul_AQIBulletins.csv,AQI_BULLETIN,AQI Bulletin (daily city-level),6.3,CPCB AQI Bulletin,166,6,N/A,1 unique (Dindigul...),N/A,N/A,0.0,False,26 – 352 (mean 129),None detected,date | City | No. Stations | Air Quality | Index Value | Prominent Pollutant,True,False,True,True,[],2022-09-13
Naharlagun_AQIBulletins.csv,./data/Naharlagun_AQIBulletins.csv,AQI_BULLETIN,AQI Bulletin (daily city-level),14.6,CPCB AQI Bulletin,355,6,N/A,1 unique (Naharlagun...),N/A,N/A,0.0,False,10 – 237 (mean 57),None detected,date | City | No. Stations | Air Quality | Index Value | Prominent Pollutant,True,False,True,True,[],2021-03-27
Ulhasnagar_AQIBulletins.csv,./data/Ulhasnagar_AQIBulletins.csv,AQI_BULLETIN,AQI Bulletin (daily city-level),6.5,CPCB AQI Bulletin,151,6,N/A,1 unique (Ulhasnagar...),N/A,N/A,0.0,False,32 – 319 (mean 127),None detected,date | City | No. Stations | Air Quality | Index Value | Prominent Pollutant,True,False,True,True,[],2023-07-23
Dewas_AQIBulletins.csv,./data/Dewas_AQIBulletins.csv,AQI_BULLETIN,AQI Bulletin (daily city-level),81.1,CPCB AQI Bulletin,2119,6,N/A,1 unique (Dewas...),N/A,N/A,0.0,False,18 – 327 (mean 107),None detected,date | City | No. Stations | Air Quality | Index Value | Prominent Pollutant,True,False,True,True,[],2017-11-25
Nanded_AQIBulletins.csv,./data/Nanded_AQIBulletins.csv,AQI_BULLETIN,AQI Bulletin (daily city-level),6.1,CPCB AQI Bulletin,159,6,N/A,1 unique (Nanded...),N/A,N/A,0.0,False,26 – 244 (mean 93),None detected,date | City | No. Stations | Air Quality | Index Value | Prominent Pollutant,True,False,True,True,[],2023-06-18
Pimpri Chinchwad_AQIBulletins.csv,./data/Pimpri Chinchwad_AQIBulletins.csv,AQI_BULLETIN,AQI Bulletin (daily city-level),8.3,CPCB AQI Bulletin,166,6,N/A,1 unique (Pimpri Chinchwad...),N/A,N/A,0.0,False,23 – 208 (mean 69),None detected,date | City | No. Stations | Air Quality | Index Value | Prominent Pollutant,True,False,True,True,[],2023-05-16
Aurangabad_AQIBulletins.csv,./data/Aurangabad_AQIBulletins.csv,AQI_BULLETIN,AQI Bulletin (daily city-level),97.5,CPCB AQI Bulletin,2227,6,N/A,1 unique (Aurangabad...),N/A,N/A,0.0,False,32 – 373 (mean 99),None detected,date | City | No. Stations | Air Quality | Index Value | Prominent Pollutant,True,False,True,True,[],2016-09-07
Bhilwara_AQIBulletins.csv,./data/Bhilwara_AQIBulletins.csv,AQI_BULLETIN,AQI Bulletin (daily city-level),6.9,CPCB AQI Bulletin,164,6,N/A,1 unique (Bhilwara...),N/A,N/A,0.0,False,45 – 331 (mean 136),None detected,date | City | No. Stations | Air Quality | Index Value | Prominent Pollutant,True,False,True,True,[],2023-05-16
Kalaburagi_AQIBulletins.csv,./data/Kalaburagi_AQIBulletins.csv,AQI_BULLETIN,AQI Bulletin (daily city-level),55.5,CPCB AQI Bulletin,1299,6,N/A,1 unique (Kalaburagi...),N/A,N/A,0.0,False,6 – 500 (mean 85),None detected,date | City | No. Stations | Air Quality | Index Value | Prominent Pollutant,True,False,True,True,[],2018-08-02
Jalgaon_AQIBulletins.csv,./data/Jalgaon_AQIBulletins.csv,AQI_BULLETIN,AQI Bulletin (daily city-level),7.9,CPCB AQI Bulletin,192,6,N/A,1 unique (Jalgaon...),N/A,N/A,0.0,False,17 – 321 (mean 110),None detected,date | City | No. Stations | Air Quality | Index Value | Prominent Pollutant,True,False,True,True,[],2023-06-13
Eloor_AQIBulletins.csv,./data/Eloor_AQIBulletins.csv,AQI_BULLETIN,AQI Bulletin (daily city-level),51.2,CPCB AQI Bulletin,1373,6,N/A,1 unique (Eloor...),N/A,N/A,0.0,False,12 – 180 (mean 59),None detected,date | City | No. Stations | Air Quality | Index Value | Prominent Pollutant,True,False,True,True,[],2019-05-29
Begusarai_AQIBulletins.csv,./data/Begusarai_AQIBulletins.csv,AQI_BULLETIN,AQI Bulletin (daily city-level),15.0,CPCB AQI Bulletin,357,6,N/A,1 unique (Begusarai...),N/A,N/A,0.0,False,27 – 474 (mean 248),None detected,date | City | No. Stations | Air Quality | Index Value | Prominent Pollutant,True,False,True,True,[],2022-04-05
Navi Mumbai_AQIBulletins.csv,./data/Navi Mumbai_AQIBulletins.csv,AQI_BULLETIN,AQI Bulletin (daily city-level),136.8,CPCB AQI Bulletin,2963,6,N/A,1 unique (Navi Mumbai...),N/A,N/A,0.1,False,11 – 477 (mean 111),None detected,date | City | No. Stations | Air Quality | Index Value | Prominent Pollutant,True,False,True,True,[],2015-05-02
Hubballi_AQIBulletins.csv,./data/Hubballi_AQIBulletins.csv,AQI_BULLETIN,AQI Bulletin (daily city-level),64.8,CPCB AQI Bulletin,1559,6,N/A,1 unique (Hubballi...),N/A,N/A,0.0,False,11 – 314 (mean 80),None detected,date | City | No. Stations | Air Quality | Index Value | Prominent Pollutant,True,False,True,True,[],2018-09-21
Barmer_AQIBulletins.csv,./data/Barmer_AQIBulletins.csv,AQI_BULLETIN,AQI Bulletin (daily city-level),11.3,CPCB AQI Bulletin,281,6,N/A,1 unique (Barmer...),N/A,N/A,0.0,False,32 – 344 (mean 106),None detected,date | City | No. Stations | Air Quality | Index Value | Prominent Pollutant,True,False,True,True,[],2023-03-13
Kadapa_AQIBulletins.csv,./data/Kadapa_AQIBulletins.csv,AQI_BULLETIN,AQI Bulletin (daily city-level),10.4,CPCB AQI Bulletin,271,6,N/A,1 unique (Kadapa...),N/A,N/A,0.0,False,19 – 228 (mean 68),None detected,date | City | No. Stations | Air Quality | Index Value | Prominent Pollutant,True,False,True,True,[],2023-01-25
Saharsa_AQIBulletins.csv,./data/Saharsa_AQIBulletins.csv,AQI_BULLETIN,AQI Bulletin (daily city-level),23.7,CPCB AQI Bulletin,598,6,N/A,1 unique (Saharsa...),N/A,N/A,0.0,False,27 – 454 (mean 213),None detected,date | City | No. Stations | Air Quality | Index Value | Prominent Pollutant,True,False,True,True,[],2021-11-23
Aizawl_AQIBulletins.csv,./data/Aizawl_AQIBulletins.csv,AQI_BULLETIN,AQI Bulletin (daily city-level),40.7,CPCB AQI Bulletin,1129,6,N/A,1 unique (Aizawl...),N/A,N/A,0.0,False,6 – 208 (mean 42),None detected,date | City | No. Stations | Air Quality | Index Value | Prominent Pollutant,True,False,True,True,[],2020-03-19
Anantapur_AQIBulletins.csv,./data/Anantapur_AQIBulletins.csv,AQI_BULLETIN,AQI Bulletin (daily city-level),17.8,CPCB AQI Bulletin,425,6,N/A,1 unique (Anantapur...),N/A,N/A,0.0,False,22 – 191 (mean 67),None detected,date | City | No. Stations | Air Quality | Index Value | Prominent Pollutant,True,False,True,True,[],2022-08-27
Fatehabad_AQIBulletins.csv,./data/Fatehabad_AQIBulletins.csv,AQI_BULLETIN,AQI Bulletin (daily city-level),62.9,CPCB AQI Bulletin,1501,6,N/A,1 unique (Fatehabad...),N/A,N/A,0.0,False,17 – 493 (mean 157),None detected,date | City | No. Stations | Air Quality | Index Value | Prominent Pollutant,True,False,True,True,[],2019-01-22
Mangalore_AQIBulletins.csv,./data/Mangalore_AQIBulletins.csv,AQI_BULLETIN,AQI Bulletin (daily city-level),37.9,CPCB AQI Bulletin,897,6,N/A,1 unique (Mangalore...),N/A,N/A,0.0,False,17 – 235 (mean 71),None detected,date | City | No. Stations | Air Quality | Index Value | Prominent Pollutant,True,False,True,True,[],2021-01-04
Gorakhpur_AQIBulletins.csv,./data/Gorakhpur_AQIBulletins.csv,AQI_BULLETIN,AQI Bulletin (daily city-level),35.7,CPCB AQI Bulletin,860,6,N/A,1 unique (Gorakhpur...),N/A,N/A,0.0,False,12 – 393 (mean 94),None detected,date | City | No. Stations | Air Quality | Index Value | Prominent Pollutant,True,False,True,True,[],2021-07-01
Tirupur_AQIBulletins.csv,./data/Tirupur_AQIBulletins.csv,AQI_BULLETIN,AQI Bulletin (daily city-level),13.0,CPCB AQI Bulletin,327,6,N/A,1 unique (Tirupur...),N/A,N/A,0.0,False,22 – 267 (mean 78),None detected,date | City | No. Stations | Air Quality | Index Value | Prominent Pollutant,True,False,True,True,[],2022-08-27
Kishanganj_AQIBulletins.csv,./data/Kishanganj_AQIBulletins.csv,AQI_BULLETIN,AQI Bulletin (daily city-level),28.8,CPCB AQI Bulletin,676,6,N/A,1 unique (Kishanganj...),N/A,N/A,0.0,False,31 – 403 (mean 160),None detected,date | City | No. Stations | Air Quality | Index Value | Prominent Pollutant,True,False,True,True,[],2021-11-23
Bhiwani_AQIBulletins.csv,./data/Bhiwani_AQIBulletins.csv,AQI_BULLETIN,AQI Bulletin (daily city-level),66.7,CPCB AQI Bulletin,1650,6,N/A,1 unique (Bhiwani...),N/A,N/A,0.0,False,27 – 471 (mean 146),None detected,date | City | No. Stations | Air Quality | Index Value | Prominent Pollutant,True,False,True,True,[],2019-01-09
Sagar_AQIBulletins.csv,./data/Sagar_AQIBulletins.csv,AQI_BULLETIN,AQI Bulletin (daily city-level),50.0,CPCB AQI Bulletin,1291,6,N/A,1 unique (Sagar...),N/A,N/A,0.0,False,15 – 316 (mean 78),None detected,date | City | No. Stations | Air Quality | Index Value | Prominent Pollutant,True,False,True,True,[],2020-02-05
Ahmedabad_AQIBulletins.csv,./data/Ahmedabad_AQIBulletins.csv,AQI_BULLETIN,AQI Bulletin (daily city-level),113.3,CPCB AQI Bulletin,2538,6,N/A,1 unique (Ahmedabad...),N/A,N/A,0.1,False,15 – 500 (mean 134),None detected,date | City | No. Stations | Air Quality | Index Value | Prominent Pollutant,True,False,True,True,[],2015-05-01
Katihar_AQIBulletins.csv,./data/Katihar_AQIBulletins.csv,AQI_BULLETIN,AQI Bulletin (daily city-level),27.3,CPCB AQI Bulletin,681,6,N/A,1 unique (Katihar...),N/A,N/A,0.0,False,46 – 465 (mean 212),None detected,date | City | No. Stations | Air Quality | Index Value | Prominent Pollutant,True,False,True,True,[],2021-11-23
Ariyalur_AQIBulletins.csv,./data/Ariyalur_AQIBulletins.csv,AQI_BULLETIN,AQI Bulletin (daily city-level),12.0,CPCB AQI Bulletin,305,6,N/A,1 unique (Ariyalur...),N/A,N/A,0.0,False,10 – 183 (mean 56),None detected,date | City | No. Stations | Air Quality | Index Value | Prominent Pollutant,True,False,True,True,[],2022-12-21
3b01bcb8-0b14-4abf-b6f2-c1bfd384ba69.csv,./data/3b01bcb8-0b14-4abf-b6f2-c1bfd384ba69.csv,LONG_FORMAT,Long Format (1 row/pollutant),376.1,Unknown,3388,11,N/A,"264 unique (Tirupati, Vijayawada, Visakhapatnam, Kadapa, Machilipatnam...)",30 unique,508 unique,2.2,False,N/A,None detected,country | state | city | station | last_update | latitude | longitude | pollutant_id | pollutant_min,True,False,False,True,[],21-03-2026 16:00:00
Bagalkot_AQIBulletins.csv,./data/Bagalkot_AQIBulletins.csv,AQI_BULLETIN,AQI Bulletin (daily city-level),47.6,CPCB AQI Bulletin,1252,6,N/A,1 unique (Bagalkot...),N/A,N/A,0.0,False,17 – 242 (mean 50),None detected,date | City | No. Stations | Air Quality | Index Value | Prominent Pollutant,True,False,True,True,[],2020-02-11
Siwan_AQIBulletins.csv,./data/Siwan_AQIBulletins.csv,AQI_BULLETIN,AQI Bulletin (daily city-level),22.4,CPCB AQI Bulletin,587,6,N/A,1 unique (Siwan...),N/A,N/A,0.0,False,34 – 488 (mean 216),None detected,date | City | No. Stations | Air Quality | Index Value | Prominent Pollutant,True,False,True,True,[],2021-11-23
Amravati_AQIBulletins.csv,./data/Amravati_AQIBulletins.csv,AQI_BULLETIN,AQI Bulletin (daily city-level),8.8,CPCB AQI Bulletin,210,6,N/A,1 unique (Amravati...),N/A,N/A,0.0,False,18 – 314 (mean 93),None detected,date | City | No. Stations | Air Quality | Index Value | Prominent Pollutant,True,False,True,True,[],2023-06-01
Badlapur_AQIBulletins.csv,./data/Badlapur_AQIBulletins.csv,AQI_BULLETIN,AQI Bulletin (daily city-level),7.3,CPCB AQI Bulletin,182,6,N/A,1 unique (Badlapur...),N/A,N/A,0.0,False,24 – 303 (mean 116),None detected,date | City | No. Stations | Air Quality | Index Value | Prominent Pollutant,True,False,True,True,[],2023-06-17
Agartala_AQIBulletins.csv,./data/Agartala_AQIBulletins.csv,AQI_BULLETIN,AQI Bulletin (daily city-level),44.8,CPCB AQI Bulletin,1084,6,N/A,1 unique (Agartala...),N/A,N/A,0.0,False,15 – 362 (mean 125),None detected,date | City | No. Stations | Air Quality | Index Value | Prominent Pollutant,True,False,True,True,[],2020-11-09
Kohima_AQIBulletins.csv,./data/Kohima_AQIBulletins.csv,AQI_BULLETIN,AQI Bulletin (daily city-level),40.1,CPCB AQI Bulletin,1018,6,N/A,1 unique (Kohima...),N/A,N/A,0.0,False,14 – 277 (mean 76),None detected,date | City | No. Stations | Air Quality | Index Value | Prominent Pollutant,True,False,True,True,[],2020-09-04
Prayagraj_AQIBulletins.csv,./data/Prayagraj_AQIBulletins.csv,AQI_BULLETIN,AQI Bulletin (daily city-level),42.6,CPCB AQI Bulletin,936,6,N/A,1 unique (Prayagraj...),N/A,N/A,0.0,False,12 – 387 (mean 109),None detected,date | City | No. Stations | Air Quality | Index Value | Prominent Pollutant,True,False,True,True,[],2021-06-03
delhi-weather-aqi-2025.csv,./data/delhi-weather-aqi-2025.csv,UNKNOWN_AQ,Air quality data (schema unclear),5581.7,Kaggle: sohails07/delhi-weather-and-aqi-dataset-2025,52560,16,N/A,N/A,N/A,6 unique,0.0,True,N/A,"pm2_5, pm10, no2",date_ist | time_ist | location | lat | lon | temp_c | humidity | pressure_mb | windspeed_kph | condi,True,True,True,True,"['pm2_5', 'pm10', 'no2']",01/01/2025
Vapi_AQIBulletins.csv,./data/Vapi_AQIBulletins.csv,AQI_BULLETIN,AQI Bulletin (daily city-level),49.7,CPCB AQI Bulletin,1349,6,N/A,1 unique (Vapi...),N/A,N/A,0.0,False,15 – 392 (mean 137),None detected,date | City | No. Stations | Air Quality | Index Value | Prominent Pollutant,True,False,True,True,[],2019-02-14
Milupara_AQIBulletins.csv,./data/Milupara_AQIBulletins.csv,AQI_BULLETIN,AQI Bulletin (daily city-level),7.1,CPCB AQI Bulletin,174,6,N/A,1 unique (Milupara...),N/A,N/A,0.0,False,18 – 178 (mean 61),None detected,date | City | No. Stations | Air Quality | Index Value | Prominent Pollutant,True,False,True,True,[],2023-03-14
Gangtok_AQIBulletins.csv,./data/Gangtok_AQIBulletins.csv,AQI_BULLETIN,AQI Bulletin (daily city-level),19.6,CPCB AQI Bulletin,511,6,N/A,1 unique (Gangtok...),N/A,N/A,0.0,False,12 – 264 (mean 52),None detected,date | City | No. Stations | Air Quality | Index Value | Prominent Pollutant,True,False,True,True,[],2022-04-07
Tirupati_AQIBulletins.csv,./data/Tirupati_AQIBulletins.csv,AQI_BULLETIN,AQI Bulletin (daily city-level),101.5,CPCB AQI Bulletin,2500,6,N/A,1 unique (Tirupati...),N/A,N/A,0.0,False,22 – 306 (mean 71),None detected,date | City | No. Stations | Air Quality | Index Value | Prominent Pollutant,True,False,True,True,[],2016-07-12
Gummidipoondi_AQIBulletins.csv,./data/Gummidipoondi_AQIBulletins.csv,AQI_BULLETIN,AQI Bulletin (daily city-level),31.0,CPCB AQI Bulletin,676,6,N/A,1 unique (Gummidipoondi...),N/A,N/A,0.0,False,8 – 326 (mean 95),None detected,date | City | No. Stations | Air Quality | Index Value | Prominent Pollutant,True,False,True,True,[],2021-01-06
Khanna_AQIBulletins.csv,./data/Khanna_AQIBulletins.csv,AQI_BULLETIN,AQI Bulletin (daily city-level),79.8,CPCB AQI Bulletin,2011,6,N/A,1 unique (Khanna...),N/A,N/A,0.0,False,22 – 491 (mean 99),None detected,date | City | No. Stations | Air Quality | Index Value | Prominent Pollutant,True,False,True,True,[],2018-04-18
Dataset_AQI21-4.xlsx,./data/Dataset_AQI21-4.xlsx,REALTIME_WIDE,"Real-time Snapshot (wide, AQI + pollutants)",21.4,Kaggle: ishankat/real-time-aqi,153,11,N/A,"138 unique (Gulzarpet, Anantapur, India, Anand Kala Kshetram, Rajamahendravaram, India, Tirumala-APPCB, Tirupati, India, PWD Grounds, Vijayawada, India...)",N/A,N/A,5.3,True,2 – 262 (mean 101),"PM2.5, PM10, O3, NO2, SO2",City | AQI | PM2.5 | PM10 | O3 | NO2 | SO2 | CO | Latitude | Longitude | Time,True,True,True,True,"['PM2.5', 'PM10', 'O3', 'NO2', 'SO2']",2024-04-21 20:00:00
Dataset_AQI30-4.xlsx,./data/Dataset_AQI30-4.xlsx,REALTIME_WIDE,"Real-time Snapshot (wide, AQI + pollutants)",16.6,Kaggle: ishankat/real-time-aqi,153,11,N/A,"138 unique (Gulzarpet, Anantapur, India, Anand Kala Kshetram, Rajamahendravaram, India, Tirumala-APPCB, Tirupati, India, PWD Grounds, Vijayawada, India...)",N/A,N/A,5.6,False,10 – 270 (mean 99),"PM2.5, PM10, O3, NO2, SO2",City | AQI | PM2.5 | PM10 | O3 | NO2 | SO2 | CO | Latitude | Longitude | Time,True,True,True,True,"['PM2.5', 'PM10', 'O3', 'NO2', 'SO2']",2024-04-30 18:00:00
Dataset_AQI22-4.xlsx,./data/Dataset_AQI22-4.xlsx,REALTIME_WIDE,"Real-time Snapshot (wide, AQI + pollutants)",16.6,Kaggle: ishankat/real-time-aqi,153,11,N/A,"138 unique (Gulzarpet, Anantapur, India, Anand Kala Kshetram, Rajamahendravaram, India, Tirumala-APPCB, Tirupati, India, PWD Grounds, Vijayawada, India...)",N/A,N/A,5.9,False,2 – 262 (mean 89),"PM2.5, PM10, O3, NO2, SO2",City | AQI | PM2.5 | PM10 | O3 | NO2 | SO2 | CO | Latitude | Longitude | Time,True,True,True,True,"['PM2.5', 'PM10', 'O3', 'NO2', 'SO2']",2024-04-22 14:00:00
